date,act,dur,isfull,isprod,minutes
2021-10-25,eat,0 days 01:12:00,0,2,72.0
2021-10-25,hobby,0 days 01:38:00,1,1,98.0
2021-10-25,leisure,0 days 01:12:00,0,0,72.0
2021-10-25,school,0 days 02:36:00,1,1,156.0
2021-10-25,sport,0 days 01:44:00,0,1,104.0
2021-10-25,study,0 days 02:58:00,1,1,178.0
2021-10-25,transport,0 days 03:45:00,0,2,225.0
2021-10-25,work,0 days 00:04:00,1,1,4.000000000000001
2021-10-26,chores,0 days 00:50:00,0,2,50.0
2021-10-26,eat,0 days 00:34:00,0,2,34.00000000000001
2021-10-26,leisure,0 days 03:07:00,0,0,187.0
2021-10-26,school,0 days 00:52:00,1,1,52.0
2021-10-26,sleep,0 days 00:30:00,1,0,30.0
2021-10-26,socio,0 days 03:23:00,0,0,203.0
2021-10-26,sport,0 days 01:54:00,0,1,114.0
2021-10-26,study,0 days 00:36:00,1,1,36.0
2021-10-26,transport,0 days 02:58:00,0,2,178.0
2021-10-27,chores,0 days 00:39:00,0,2,39.0
2021-10-27,eat,0 days 00:22:00,0,2,22.0
2021-10-27,leisure,0 days 04:55:00,0,0,295.0
2021-10-27,school,0 days 01:34:00,1,1,94.0
2021-10-27,sport,0 days 00:58:00,0,1,58.0
2021-10-27,study,0 days 03:28:00,1,1,208.0
2021-10-27,transport,0 days 00:48:00,0,2,48.0
2021-10-28,eat,0 days 00:15:00,0,2,15.0
2021-10-28,leisure,0 days 04:00:00,0,0,240.0
2021-10-28,school,0 days 00:43:00,1,1,43.0
2021-10-28,socio,0 days 02:13:00,0,0,133.00000000000003
2021-10-28,study,0 days 02:18:00,1,1,138.0
2021-10-28,transport,0 days 01:56:00,0,2,116.0
2021-10-29,chores,0 days 00:55:00,0,2,55.0
2021-10-29,eat,0 days 00:24:00,0,2,24.0
2021-10-29,hobby,0 days 00:30:00,1,1,30.0
2021-10-29,leisure,0 days 03:49:00,0,0,229.0
2021-10-29,school,0 days 04:04:00,1,1,244.00000000000003
2021-10-29,socio,0 days 04:10:00,0,0,250.00000000000003
2021-10-29,study,0 days 00:37:00,1,1,37.0
2021-10-29,transport,0 days 02:58:00,0,2,178.0
2021-10-30,chores,0 days 00:30:00,0,2,30.0
2021-10-30,eat,0 days 00:18:00,0,2,18.0
2021-10-30,leisure,0 days 01:06:00,0,0,66.00000000000001
2021-10-30,school,0 days 02:06:00,1,1,126.00000000000001
2021-10-30,socio,0 days 05:35:00,0,0,335.0
2021-10-30,study,0 days 01:46:00,1,1,106.0
2021-10-30,transport,0 days 01:51:00,0,2,111.0
2021-10-30,work,0 days 02:22:00,1,1,142.0
2021-10-31,eat,0 days 00:35:00,0,2,35.0
2021-10-31,leisure,0 days 03:22:00,0,0,202.0
2021-10-31,sleep,0 days 02:50:00,1,0,170.0
2021-10-31,socio,0 days 00:00:00,0,0,0.0
2021-10-31,study,0 days 03:39:00,1,1,219.0
2021-10-31,transport,0 days 00:42:00,0,2,42.0
2021-10-31,work,0 days 04:03:00,1,1,243.0
2021-11-01,eat,0 days 00:40:00,0,2,40.0
2021-11-01,leisure,0 days 01:48:00,0,0,108.0
2021-11-01,school,0 days 01:27:00,1,1,87.0
2021-11-01,socio,0 days 05:46:00,0,0,346.0
2021-11-01,study,0 days 05:01:00,1,1,301.0
2021-11-01,transport,0 days 03:59:00,0,2,239.0
2021-11-02,chores,0 days 00:30:00,0,2,30.0
2021-11-02,eat,0 days 01:11:00,0,2,71.0
2021-11-02,leisure,0 days 00:44:00,0,0,44.0
2021-11-02,school,0 days 02:28:00,1,1,148.0
2021-11-02,sport,0 days 02:00:00,0,1,120.0
2021-11-02,study,0 days 00:30:00,1,1,30.0
2021-11-02,transport,0 days 04:26:00,0,2,266.00000000000006
2021-11-02,work,0 days 00:11:00,1,1,11.0
2021-11-03,chores,0 days 00:29:00,0,2,29.0
2021-11-03,eat,0 days 00:39:00,0,2,39.0
2021-11-03,leisure,0 days 00:42:00,0,0,42.0
2021-11-03,school,0 days 03:52:00,1,1,232.0
2021-11-03,socio,0 days 00:40:00,0,0,40.0
2021-11-03,study,0 days 00:36:00,1,1,36.0
2021-11-03,transport,0 days 01:13:00,0,2,73.0
2021-11-03,work,0 days 05:46:00,1,1,346.0
2021-11-04,hobby,0 days 01:30:00,1,1,90.0
2021-11-04,leisure,0 days 05:31:00,0,0,331.0
2021-11-04,sleep,0 days 01:00:00,1,0,60.0
2021-11-04,socio,0 days 05:30:00,0,0,330.0
2021-11-04,study,0 days 00:16:00,1,1,16.000000000000004
2021-11-05,eat,0 days 00:50:00,0,2,50.0
2021-11-05,leisure,0 days 01:54:00,0,0,114.0
2021-11-05,school,0 days 01:27:00,1,1,87.0
2021-11-05,study,0 days 07:43:00,1,1,463.0
2021-11-05,transport,0 days 00:46:00,0,2,46.0
2021-11-06,chores,0 days 01:12:00,0,2,72.0
2021-11-06,leisure,0 days 02:04:00,0,0,124.00000000000001
2021-11-06,socio,0 days 08:40:00,0,0,520.0000000000001
2021-11-06,study,0 days 01:29:00,1,1,89.0
2021-11-06,transport,0 days 03:57:00,0,2,237.0
2021-11-06,work,0 days 00:08:00,1,1,8.000000000000002
2021-11-07,chores,0 days 00:30:00,0,2,30.0
2021-11-07,eat,0 days 00:28:00,0,2,28.0
2021-11-07,hobby,0 days 00:18:00,1,1,18.0
2021-11-07,leisure,0 days 01:36:00,0,0,96.0
2021-11-07,sleep,0 days 01:14:00,1,0,74.0
2021-11-07,socio,0 days 01:51:00,0,0,111.0
2021-11-07,study,0 days 01:19:00,1,1,79.0
2021-11-07,transport,0 days 00:19:00,0,2,19.0
2021-11-07,work,0 days 07:21:00,1,1,441.0
2021-11-08,eat,0 days 01:00:00,0,2,60.0
2021-11-08,leisure,0 days 01:15:00,0,0,75.0
2021-11-08,school,0 days 02:23:00,1,1,143.0
2021-11-08,sleep,0 days 02:01:00,1,0,121.0
2021-11-08,sport,0 days 01:19:00,0,1,79.0
2021-11-08,study,0 days 04:23:00,1,1,263.00000000000006
2021-11-08,transport,0 days 02:51:00,0,2,171.0
2021-11-09,chores,0 days 00:58:00,0,2,58.0
2021-11-09,eat,0 days 00:27:00,0,2,27.0
2021-11-09,hobby,0 days 00:43:00,1,1,43.0
2021-11-09,leisure,0 days 03:02:00,0,0,182.0
2021-11-09,school,0 days 01:14:00,1,1,74.0
2021-11-09,sleep,0 days 00:55:00,1,0,55.0
2021-11-09,socio,0 days 01:07:00,0,0,67.00000000000001
2021-11-09,sport,0 days 01:55:00,0,1,115.0
2021-11-09,study,0 days 03:16:00,1,1,196.0
2021-11-09,transport,0 days 00:45:00,0,2,45.0
2021-11-10,chores,0 days 00:20:00,0,2,20.0
2021-11-10,eat,0 days 00:37:00,0,2,37.0
2021-11-10,hobby,0 days 00:12:00,1,1,12.0
2021-11-10,leisure,0 days 01:14:00,0,0,74.0
2021-11-10,school,0 days 02:16:00,1,1,136.00000000000003
2021-11-10,socio,0 days 06:54:00,0,0,414.0
2021-11-10,study,0 days 00:58:00,1,1,58.0
2021-11-10,transport,0 days 01:54:00,0,2,114.0
2021-11-10,work,0 days 03:27:00,1,1,207.0
2021-11-11,chores,0 days 00:35:00,0,2,35.0
2021-11-11,eat,0 days 00:17:00,0,2,17.000000000000004
2021-11-11,hobby,0 days 00:18:00,1,1,18.0
2021-11-11,leisure,0 days 02:05:00,0,0,125.00000000000001
2021-11-11,school,0 days 03:09:00,1,1,189.0
2021-11-11,sleep,0 days 03:19:00,1,0,199.0
2021-11-11,study,0 days 05:06:00,1,1,306.0
2021-11-11,transport,0 days 02:08:00,0,2,128.00000000000003
2021-11-12,eat,0 days 00:22:00,0,2,22.0
2021-11-12,hobby,0 days 00:14:00,1,1,14.0
2021-11-12,leisure,0 days 04:04:00,0,0,244.00000000000003
2021-11-12,school,0 days 01:59:00,1,1,119.0
2021-11-12,socio,0 days 01:55:00,0,0,115.0
2021-11-12,study,0 days 04:09:00,1,1,249.00000000000003
2021-11-12,transport,0 days 02:45:00,0,2,165.0
2021-11-13,leisure,0 days 01:20:00,0,0,80.0
2021-11-13,school,0 days 01:32:00,1,1,92.0
2021-11-13,socio,0 days 03:22:00,0,0,202.0
2021-11-13,study,0 days 05:41:00,1,1,341.0
2021-11-13,transport,0 days 03:00:00,0,2,180.0
2021-11-13,work,0 days 00:51:00,1,1,51.0
2021-11-14,eat,0 days 00:24:00,0,2,24.0
2021-11-14,leisure,0 days 00:49:00,0,0,49.0
2021-11-14,socio,0 days 03:21:00,0,0,201.0
2021-11-14,study,0 days 05:16:00,1,1,316.0
2021-11-14,transport,0 days 04:08:00,0,2,248.00000000000003
2021-11-14,work,0 days 02:49:00,1,1,169.0
2021-11-15,chores,0 days 00:33:00,0,2,33.00000000000001
2021-11-15,eat,0 days 00:45:00,0,2,45.0
2021-11-15,hobby,0 days 00:11:00,1,1,11.0
2021-11-15,leisure,0 days 02:53:00,0,0,173.0
2021-11-15,school,0 days 01:09:00,1,1,69.0
2021-11-15,sleep,0 days 00:01:00,1,0,1.0000000000000002
2021-11-15,socio,0 days 03:28:00,0,0,208.0
2021-11-15,sport,0 days 02:17:00,0,1,137.0
2021-11-15,study,0 days 01:20:00,1,1,80.0
2021-11-15,transport,0 days 02:36:00,0,2,156.0
2021-11-16,chores,0 days 00:37:00,0,2,37.0
2021-11-16,eat,0 days 00:25:00,0,2,25.0
2021-11-16,hobby,0 days 00:10:00,1,1,10.0
2021-11-16,leisure,0 days 03:37:00,0,0,217.0
2021-11-16,school,0 days 02:04:00,1,1,124.00000000000001
2021-11-16,socio,0 days 03:02:00,0,0,182.0
2021-11-16,sport,0 days 01:36:00,0,1,96.0
2021-11-16,study,0 days 00:29:00,1,1,29.0
2021-11-16,transport,0 days 01:01:00,0,2,61.00000000000001
2021-11-17,chores,0 days 00:05:00,0,2,5.0
2021-11-17,eat,0 days 00:42:00,0,2,42.0
2021-11-17,hobby,0 days 00:23:00,1,1,23.0
2021-11-17,leisure,0 days 00:25:00,0,0,25.0
2021-11-17,school,0 days 03:01:00,1,1,181.0
2021-11-17,socio,0 days 01:58:00,0,0,118.0
2021-11-17,study,0 days 04:17:00,1,1,257.00000000000006
2021-11-17,transport,0 days 02:39:00,0,2,159.0
2021-11-18,chores,0 days 00:04:00,0,2,4.000000000000001
2021-11-18,eat,0 days 00:20:00,0,2,20.0
2021-11-18,hobby,0 days 02:38:00,1,1,158.0
2021-11-18,leisure,0 days 01:45:00,0,0,105.0
2021-11-18,school,0 days 03:04:00,1,1,184.0
2021-11-18,socio,0 days 03:58:00,0,0,238.0
2021-11-18,study,0 days 02:50:00,1,1,170.0
2021-11-18,transport,0 days 02:42:00,0,2,162.0
2021-11-19,chores,0 days 00:53:00,0,2,53.0
2021-11-19,eat,0 days 00:33:00,0,2,33.00000000000001
2021-11-19,hobby,0 days 00:46:00,1,1,46.0
2021-11-19,leisure,0 days 03:29:00,0,0,209.0
2021-11-19,socio,0 days 03:07:00,0,0,187.0
2021-11-19,sport,0 days 00:13:00,0,1,13.0
2021-11-19,study,0 days 03:41:00,1,1,221.0
2021-11-19,transport,0 days 00:07:00,0,2,7.0
2021-11-20,chores,0 days 00:14:00,0,2,14.0
2021-11-20,eat,0 days 00:27:00,0,2,27.0
2021-11-20,hobby,0 days 01:04:00,1,1,64.00000000000001
2021-11-20,leisure,0 days 00:37:00,0,0,37.0
2021-11-20,sleep,0 days 00:30:00,1,0,30.0
2021-11-20,socio,0 days 06:43:00,0,0,403.0
2021-11-20,study,0 days 00:04:00,1,1,4.000000000000001
2021-11-20,transport,0 days 05:15:00,0,2,315.0
2021-11-21,chores,0 days 00:17:00,0,2,17.000000000000004
2021-11-21,eat,0 days 00:33:00,0,2,33.00000000000001
2021-11-21,hobby,0 days 05:59:00,1,1,359.0
2021-11-21,leisure,0 days 00:26:00,0,0,26.0
2021-11-21,socio,0 days 01:38:00,0,0,98.0
2021-11-21,study,0 days 00:49:00,1,1,49.0
2021-11-21,transport,0 days 01:05:00,0,2,65.00000000000001
2021-11-21,work,0 days 04:30:00,1,1,270.00000000000006
2021-11-22,chores,0 days 00:35:00,0,2,35.0
2021-11-22,eat,0 days 00:38:00,0,2,38.0
2021-11-22,hobby,0 days 03:56:00,1,1,236.0
2021-11-22,leisure,0 days 01:39:00,0,0,99.0
2021-11-22,socio,0 days 01:24:00,0,0,84.0
2021-11-22,study,0 days 00:19:00,1,1,19.0
2021-11-22,transport,0 days 01:52:00,0,2,112.0
2021-11-23,chores,0 days 00:29:00,0,2,29.0
2021-11-23,eat,0 days 00:42:00,0,2,42.0
2021-11-23,hobby,0 days 06:00:00,1,1,360.0
2021-11-23,leisure,0 days 00:53:00,0,0,53.0
2021-11-23,school,0 days 01:34:00,1,1,94.0
2021-11-23,socio,0 days 02:34:00,0,0,154.0
2021-11-23,study,0 days 00:14:00,1,1,14.0
2021-11-23,transport,0 days 03:31:00,0,2,211.0
2021-11-24,chores,0 days 00:27:00,0,2,27.0
2021-11-24,eat,0 days 00:12:00,0,2,12.0
2021-11-24,leisure,0 days 03:04:00,0,0,184.0
2021-11-24,school,0 days 04:20:00,1,1,260.00000000000006
2021-11-24,sleep,0 days 02:15:00,1,0,135.00000000000003
2021-11-24,socio,0 days 02:07:00,0,0,127.00000000000001
2021-11-24,study,0 days 02:07:00,1,1,127.00000000000001
2021-11-24,transport,0 days 02:02:00,0,2,122.00000000000001
2021-11-25,chores,0 days 00:20:00,0,2,20.0
2021-11-25,eat,0 days 00:44:00,0,2,44.0
2021-11-25,hobby,0 days 02:20:00,1,1,140.0
2021-11-25,leisure,0 days 01:20:00,0,0,80.0
2021-11-25,school,0 days 01:54:00,1,1,114.0
2021-11-25,socio,0 days 01:59:00,0,0,119.0
2021-11-25,study,0 days 03:27:00,1,1,207.0
2021-11-25,transport,0 days 01:38:00,0,2,98.0
2021-11-25,work,0 days 00:02:00,1,1,2.0000000000000004
2021-11-26,hobby,0 days 01:28:00,1,1,88.0
2021-11-27,chores,0 days 01:46:00,0,2,106.0
2021-11-27,eat,0 days 00:24:00,0,2,24.0
2021-11-27,hobby,0 days 00:59:00,1,1,59.0
2021-11-27,leisure,0 days 01:35:00,0,0,95.0
2021-11-27,socio,0 days 05:16:00,0,0,316.0
2021-11-27,study,0 days 00:12:00,1,1,12.0
2021-11-27,transport,0 days 01:06:00,0,2,66.00000000000001
2021-11-27,work,0 days 03:13:00,1,1,193.0
2021-11-28,chores,0 days 01:07:00,0,2,67.00000000000001
2021-11-28,eat,0 days 01:08:00,0,2,68.00000000000001
2021-11-28,leisure,0 days 02:28:00,0,0,148.0
2021-11-28,school,0 days 03:25:00,1,1,205.0
2021-11-28,socio,0 days 00:11:00,0,0,11.0
2021-11-28,study,0 days 00:51:00,1,1,51.0
2021-11-28,transport,0 days 00:13:00,0,2,13.0
2021-11-28,work,0 days 01:52:00,1,1,112.0
2021-11-29,chores,0 days 00:07:00,0,2,7.0
2021-11-29,eat,0 days 00:32:00,0,2,32.00000000000001
2021-11-29,hobby,0 days 03:13:00,1,1,193.0
2021-11-29,leisure,0 days 00:32:00,0,0,32.00000000000001
2021-11-29,school,0 days 03:10:00,1,1,190.0
2021-11-29,socio,0 days 01:18:00,0,0,78.0
2021-11-29,sport,0 days 01:23:00,0,1,83.0
2021-11-29,study,0 days 03:30:00,1,1,210.0
2021-11-29,transport,0 days 02:36:00,0,2,156.0
2021-11-30,chores,0 days 01:30:00,0,2,90.0
2021-11-30,eat,0 days 00:46:00,0,2,46.0
2021-11-30,hobby,0 days 00:15:00,1,1,15.0
2021-11-30,leisure,0 days 02:18:00,0,0,138.0
2021-11-30,school,0 days 00:12:00,1,1,12.0
2021-11-30,socio,0 days 02:10:00,0,0,130.00000000000003
2021-11-30,study,0 days 01:38:00,1,1,98.0
2021-11-30,transport,0 days 02:12:00,0,2,132.00000000000003
2021-11-30,work,0 days 02:35:00,1,1,155.0
2021-12-01,chores,0 days 00:27:00,0,2,27.0
2021-12-01,eat,0 days 01:34:00,0,2,94.0
2021-12-01,leisure,0 days 01:41:00,0,0,101.0
2021-12-01,school,0 days 05:49:00,1,1,349.0
2021-12-01,socio,0 days 03:07:00,0,0,187.0
2021-12-01,sport,0 days 00:05:00,0,1,5.0
2021-12-01,study,0 days 01:54:00,1,1,114.0
2021-12-01,transport,0 days 00:30:00,0,2,30.0
2021-12-02,chores,0 days 00:22:00,0,2,22.0
2021-12-02,eat,0 days 00:58:00,0,2,58.0
2021-12-02,hobby,0 days 02:09:00,1,1,129.00000000000003
2021-12-02,leisure,0 days 02:07:00,0,0,127.00000000000001
2021-12-02,school,0 days 04:18:00,1,1,258.00000000000006
2021-12-02,study,0 days 02:32:00,1,1,152.0
2021-12-02,transport,0 days 03:40:00,0,2,220.0
2021-12-03,eat,0 days 00:29:00,0,2,29.0
2021-12-03,leisure,0 days 01:48:00,0,0,108.0
2021-12-03,school,0 days 01:05:00,1,1,65.00000000000001
2021-12-03,socio,0 days 04:22:00,0,0,262.00000000000006
2021-12-03,study,0 days 03:26:00,1,1,206.0
2021-12-03,transport,0 days 02:38:00,0,2,158.0
2021-12-04,chores,0 days 02:33:00,0,2,153.0
2021-12-04,eat,0 days 00:32:00,0,2,32.00000000000001
2021-12-04,hobby,0 days 00:30:00,1,1,30.0
2021-12-04,leisure,0 days 03:26:00,0,0,206.0
2021-12-04,school,0 days 00:17:00,1,1,17.000000000000004
2021-12-04,socio,0 days 02:12:00,0,0,132.00000000000003
2021-12-04,study,0 days 00:35:00,1,1,35.0
2021-12-04,transport,0 days 02:17:00,0,2,137.0
2021-12-04,work,0 days 00:28:00,1,1,28.0
2021-12-05,chores,0 days 00:30:00,0,2,30.0
2021-12-05,eat,0 days 00:22:00,0,2,22.0
2021-12-05,leisure,0 days 03:17:00,0,0,197.0
2021-12-05,socio,0 days 03:27:00,0,0,207.0
2021-12-05,sport,0 days 01:15:00,0,1,75.0
2021-12-05,study,0 days 02:31:00,1,1,151.0
2021-12-05,transport,0 days 04:04:00,0,2,244.00000000000003
2021-12-05,work,0 days 00:07:00,1,1,7.0
2021-12-06,chores,0 days 01:30:00,0,2,90.0
2021-12-06,eat,0 days 00:30:00,0,2,30.0
2021-12-06,hobby,0 days 00:57:00,1,1,57.0
2021-12-06,leisure,0 days 03:02:00,0,0,182.0
2021-12-06,school,0 days 02:37:00,1,1,157.0
2021-12-06,socio,0 days 02:18:00,0,0,138.0
2021-12-06,study,0 days 01:31:00,1,1,91.0
2021-12-06,transport,0 days 00:20:00,0,2,20.0
2021-12-06,work,0 days 01:19:00,1,1,79.0
2021-12-07,chores,0 days 00:24:00,0,2,24.0
2021-12-07,eat,0 days 00:46:00,0,2,46.0
2021-12-07,hobby,0 days 00:33:00,1,1,33.00000000000001
2021-12-07,leisure,0 days 02:12:00,0,0,132.00000000000003
2021-12-07,school,0 days 01:08:00,1,1,68.00000000000001
2021-12-07,socio,0 days 01:12:00,0,0,72.0
2021-12-07,sport,0 days 01:48:00,0,1,108.0
2021-12-07,study,0 days 00:50:00,1,1,50.0
2021-12-07,transport,0 days 00:23:00,0,2,23.0
2021-12-07,work,0 days 05:22:00,1,1,322.0
2021-12-08,chores,0 days 01:11:00,0,2,71.0
2021-12-08,eat,0 days 00:07:00,0,2,7.0
2021-12-08,leisure,0 days 01:51:00,0,0,111.0
2021-12-08,school,0 days 01:49:00,1,1,109.0
2021-12-08,socio,0 days 04:44:00,0,0,284.0
2021-12-08,transport,0 days 02:47:00,0,2,167.0
2021-12-08,work,0 days 02:43:00,1,1,163.0
2021-12-09,chores,0 days 00:32:00,0,2,32.00000000000001
2021-12-09,eat,0 days 00:40:00,0,2,40.0
2021-12-09,hobby,0 days 00:11:00,1,1,11.0
2021-12-09,leisure,0 days 04:56:00,0,0,296.0
2021-12-09,socio,0 days 03:32:00,0,0,212.0
2021-12-09,study,0 days 01:01:00,1,1,61.00000000000001
2021-12-09,transport,0 days 03:14:00,0,2,194.0
2021-12-09,work,0 days 00:09:00,1,1,9.0
2021-12-10,chores,0 days 00:36:00,0,2,36.0
2021-12-10,eat,0 days 00:12:00,0,2,12.0
2021-12-10,leisure,0 days 04:51:00,0,0,291.0
2021-12-10,school,0 days 01:43:00,1,1,103.0
2021-12-10,socio,0 days 02:45:00,0,0,165.0
2021-12-10,study,0 days 00:03:00,1,1,3.0
2021-12-10,transport,0 days 02:46:00,0,2,166.0
2021-12-10,work,0 days 05:45:00,1,1,345.0
2021-12-11,chores,0 days 00:05:00,0,2,5.0
2021-12-11,eat,0 days 00:31:00,0,2,31.000000000000004
2021-12-11,hobby,0 days 00:03:00,1,1,3.0
2021-12-11,leisure,0 days 01:43:00,0,0,103.0
2021-12-11,school,0 days 01:29:00,1,1,89.0
2021-12-11,socio,0 days 04:07:00,0,0,247.00000000000003
2021-12-11,sport,0 days 00:03:00,0,1,3.0
2021-12-11,study,0 days 00:11:00,1,1,11.0
2021-12-11,transport,0 days 02:04:00,0,2,124.00000000000001
2021-12-11,work,0 days 04:37:00,1,1,277.0
2021-12-12,chores,0 days 00:53:00,0,2,53.0
2021-12-12,eat,0 days 00:37:00,0,2,37.0
2021-12-12,hobby,0 days 00:21:00,1,1,21.0
2021-12-12,leisure,0 days 01:49:00,0,0,109.0
2021-12-12,socio,0 days 01:05:00,0,0,65.00000000000001
2021-12-12,sport,0 days 00:43:00,0,1,43.0
2021-12-12,study,0 days 02:15:00,1,1,135.00000000000003
2021-12-12,transport,0 days 00:08:00,0,2,8.000000000000002
2021-12-12,work,0 days 05:41:00,1,1,341.0
2021-12-13,chores,0 days 00:46:00,0,2,46.0
2021-12-13,eat,0 days 01:33:00,0,2,93.0
2021-12-13,hobby,0 days 00:45:00,1,1,45.0
2021-12-13,leisure,0 days 00:16:00,0,0,16.000000000000004
2021-12-13,school,0 days 00:24:00,1,1,24.0
2021-12-13,socio,0 days 00:32:00,0,0,32.00000000000001
2021-12-13,study,0 days 00:50:00,1,1,50.0
2021-12-13,transport,0 days 02:49:00,0,2,169.0
2021-12-13,work,0 days 07:11:00,1,1,431.0
2021-12-14,chores,0 days 00:35:00,0,2,35.0
2021-12-14,eat,0 days 01:07:00,0,2,67.00000000000001
2021-12-14,leisure,0 days 00:14:00,0,0,14.0
2021-12-14,socio,0 days 01:39:00,0,0,99.0
2021-12-14,sport,0 days 01:13:00,0,1,73.0
2021-12-14,study,0 days 00:40:00,1,1,40.0
2021-12-14,transport,0 days 02:24:00,0,2,144.0
2021-12-14,work,0 days 06:35:00,1,1,395.0
2021-12-15,chores,0 days 01:46:00,0,2,106.0
2021-12-15,eat,0 days 00:22:00,0,2,22.0
2021-12-15,leisure,0 days 04:41:00,0,0,281.0
2021-12-15,school,0 days 02:05:00,1,1,125.00000000000001
2021-12-15,socio,0 days 03:30:00,0,0,210.0
2021-12-15,sport,0 days 00:50:00,0,1,50.0
2021-12-15,study,0 days 00:22:00,1,1,22.0
2021-12-15,transport,0 days 01:34:00,0,2,94.0
2021-12-15,work,0 days 01:33:00,1,1,93.0
2021-12-16,chores,0 days 00:48:00,0,2,48.0
2021-12-16,eat,0 days 02:29:00,0,2,149.0
2021-12-16,hobby,0 days 00:21:00,1,1,21.0
2021-12-16,leisure,0 days 00:30:00,0,0,30.0
2021-12-16,sleep,0 days 05:33:00,1,0,333.0
2021-12-16,socio,0 days 01:01:00,0,0,61.00000000000001
2021-12-16,study,0 days 00:39:00,1,1,39.0
2021-12-16,transport,0 days 00:06:00,0,2,6.0
2021-12-16,work,0 days 05:03:00,1,1,303.0
2021-12-17,eat,0 days 01:41:00,0,2,101.0
2021-12-17,hobby,0 days 01:21:00,1,1,81.0
2021-12-17,leisure,0 days 02:55:00,0,0,175.0
2021-12-17,school,0 days 00:08:00,1,1,8.000000000000002
2021-12-17,study,0 days 00:21:00,1,1,21.0
2021-12-17,transport,0 days 02:11:00,0,2,131.00000000000003
2021-12-17,work,0 days 08:45:00,1,1,525.0000000000001
2021-12-18,chores,0 days 00:46:00,0,2,46.0
2021-12-18,eat,0 days 00:36:00,0,2,36.0
2021-12-18,leisure,0 days 08:30:00,0,0,510.00000000000006
2021-12-18,school,0 days 04:29:00,1,1,269.00000000000006
2021-12-18,study,0 days 02:08:00,1,1,128.00000000000003
2021-12-19,chores,0 days 00:34:00,0,2,34.00000000000001
2021-12-19,eat,0 days 00:32:00,0,2,32.00000000000001
2021-12-19,leisure,0 days 02:44:00,0,0,164.0
2021-12-19,school,0 days 03:07:00,1,1,187.0
2021-12-19,socio,0 days 00:36:00,0,0,36.0
2021-12-19,study,0 days 03:50:00,1,1,230.0
2021-12-19,transport,0 days 00:15:00,0,2,15.0
2021-12-19,work,0 days 01:38:00,1,1,98.0
2021-12-20,eat,0 days 00:27:00,0,2,27.0
2021-12-20,leisure,0 days 00:29:00,0,0,29.0
2021-12-20,school,0 days 05:34:00,1,1,334.0
2021-12-20,sleep,0 days 02:15:00,1,0,135.00000000000003
2021-12-20,socio,0 days 01:15:00,0,0,75.0
2021-12-20,transport,0 days 05:05:00,0,2,305.0
2021-12-20,work,0 days 02:21:00,1,1,141.0
2021-12-21,chores,0 days 00:19:00,0,2,19.0
2021-12-21,eat,0 days 00:43:00,0,2,43.0
2021-12-21,leisure,0 days 01:36:00,0,0,96.0
2021-12-21,school,0 days 05:10:00,1,1,310.0
2021-12-21,socio,0 days 00:13:00,0,0,13.0
2021-12-21,study,0 days 00:11:00,1,1,11.0
2021-12-21,transport,0 days 04:04:00,0,2,244.00000000000003
2021-12-21,work,0 days 05:11:00,1,1,311.0
2021-12-22,eat,0 days 00:09:00,0,2,9.0
2021-12-22,socio,0 days 05:42:00,0,0,342.0
2021-12-22,transport,0 days 02:40:00,0,2,160.0
2021-12-22,work,0 days 06:59:00,1,1,419.0
2021-12-23,chores,0 days 00:05:00,0,2,5.0
2021-12-23,eat,0 days 00:16:00,0,2,16.000000000000004
2021-12-23,leisure,0 days 01:50:00,0,0,110.0
2021-12-23,school,0 days 04:02:00,1,1,242.0
2021-12-23,socio,0 days 01:32:00,0,0,92.0
2021-12-23,study,0 days 06:47:00,1,1,407.0
2021-12-23,transport,0 days 02:43:00,0,2,163.0
2021-12-24,chores,0 days 00:27:00,0,2,27.0
2021-12-24,eat,0 days 00:41:00,0,2,41.0
2021-12-24,leisure,0 days 00:49:00,0,0,49.0
2021-12-24,school,0 days 02:49:00,1,1,169.0
2021-12-24,sleep,0 days 00:00:00,1,0,0.0
2021-12-24,socio,0 days 03:06:00,0,0,186.0
2021-12-24,study,0 days 01:09:00,1,1,69.0
2021-12-24,transport,0 days 02:29:00,0,2,149.0
2021-12-24,work,0 days 03:25:00,1,1,205.0
2021-12-25,chores,0 days 00:07:00,0,2,7.0
2021-12-25,eat,0 days 00:13:00,0,2,13.0
2021-12-25,leisure,0 days 00:31:00,0,0,31.000000000000004
2021-12-25,socio,0 days 06:21:00,0,0,381.0
2021-12-25,study,0 days 01:05:00,1,1,65.00000000000001
2021-12-25,transport,0 days 04:42:00,0,2,282.0
2021-12-25,work,0 days 00:54:00,1,1,54.0
2021-12-26,chores,0 days 00:08:00,0,2,8.000000000000002
2021-12-26,eat,0 days 00:05:00,0,2,5.0
2021-12-26,hobby,0 days 00:14:00,1,1,14.0
2021-12-26,leisure,0 days 03:59:00,0,0,239.0
2021-12-26,school,0 days 03:07:00,1,1,187.0
2021-12-26,socio,0 days 05:46:00,0,0,346.0
2021-12-26,study,0 days 00:15:00,1,1,15.0
2021-12-26,transport,0 days 00:46:00,0,2,46.0
2021-12-26,work,0 days 01:18:00,1,1,78.0
2021-12-27,chores,0 days 00:02:00,0,2,2.0000000000000004
2021-12-27,eat,0 days 00:58:00,0,2,58.0
2021-12-27,leisure,0 days 01:28:00,0,0,88.0
2021-12-27,school,0 days 01:35:00,1,1,95.0
2021-12-27,sleep,0 days 02:00:00,1,0,120.0
2021-12-27,socio,0 days 05:38:00,0,0,338.0
2021-12-27,study,0 days 00:14:00,1,1,14.0
2021-12-27,transport,0 days 03:20:00,0,2,200.0
2021-12-27,work,0 days 03:49:00,1,1,229.0
2021-12-28,eat,0 days 00:20:00,0,2,20.0
2021-12-28,hobby,0 days 02:09:00,1,1,129.00000000000003
2021-12-28,leisure,0 days 01:07:00,0,0,67.00000000000001
2021-12-28,socio,0 days 01:14:00,0,0,74.0
2021-12-28,study,0 days 00:37:00,1,1,37.0
2021-12-28,transport,0 days 02:49:00,0,2,169.0
2021-12-28,work,0 days 06:16:00,1,1,376.0
2021-12-29,chores,0 days 00:20:00,0,2,20.0
2021-12-29,eat,0 days 00:41:00,0,2,41.0
2021-12-29,hobby,0 days 00:54:00,1,1,54.0
2021-12-29,leisure,0 days 01:18:00,0,0,78.0
2021-12-29,socio,0 days 01:49:00,0,0,109.0
2021-12-29,transport,0 days 04:26:00,0,2,266.00000000000006
2021-12-29,work,0 days 05:54:00,1,1,354.0
2021-12-30,chores,0 days 00:26:00,0,2,26.0
2021-12-30,eat,0 days 00:19:00,0,2,19.0
2021-12-30,leisure,0 days 03:28:00,0,0,208.0
2021-12-30,sleep,0 days 00:41:00,1,0,41.0
2021-12-30,socio,0 days 01:18:00,0,0,78.0
2021-12-30,study,0 days 00:16:00,1,1,16.000000000000004
2021-12-30,transport,0 days 04:25:00,0,2,265.00000000000006
2021-12-30,work,0 days 00:40:00,1,1,40.0
2021-12-31,chores,0 days 00:22:00,0,2,22.0
2021-12-31,eat,0 days 00:10:00,0,2,10.0
2021-12-31,hobby,0 days 01:14:00,1,1,74.0
2021-12-31,leisure,0 days 05:04:00,0,0,304.0
2021-12-31,sleep,0 days 01:19:00,1,0,79.0
2021-12-31,study,0 days 02:35:00,1,1,155.0
2021-12-31,transport,0 days 01:06:00,0,2,66.00000000000001
2022-01-01,eat,0 days 00:35:00,0,2,35.0
2022-01-01,hobby,0 days 02:19:00,1,1,139.0
2022-01-01,leisure,0 days 06:16:00,0,0,376.0
2022-01-01,socio,0 days 05:40:00,0,0,340.0
2022-01-01,sport,0 days 00:54:00,0,1,54.0
2022-01-01,study,0 days 00:13:00,1,1,13.0
2022-01-01,transport,0 days 00:47:00,0,2,47.0
2022-01-02,chores,0 days 00:08:00,0,2,8.000000000000002
2022-01-02,eat,0 days 00:23:00,0,2,23.0
2022-01-02,hobby,0 days 00:54:00,1,1,54.0
2022-01-02,leisure,0 days 04:14:00,0,0,254.00000000000003
2022-01-02,school,0 days 02:31:00,1,1,151.0
2022-01-02,socio,0 days 02:56:00,0,0,176.0
2022-01-02,study,0 days 00:10:00,1,1,10.0
2022-01-02,transport,0 days 00:38:00,0,2,38.0
2022-01-02,work,0 days 00:27:00,1,1,27.0
2022-01-03,hobby,0 days 01:06:00,1,1,66.00000000000001
2022-01-03,leisure,0 days 04:03:00,0,0,243.0
2022-01-03,school,0 days 01:22:00,1,1,82.0
2022-01-03,socio,0 days 03:19:00,0,0,199.0
2022-01-03,study,0 days 01:04:00,1,1,64.00000000000001
2022-01-03,transport,0 days 01:30:00,0,2,90.0
2022-01-04,chores,0 days 00:04:00,0,2,4.000000000000001
2022-01-04,eat,0 days 00:10:00,0,2,10.0
2022-01-04,leisure,0 days 14:36:00,0,0,876.0
2022-01-04,school,0 days 02:29:00,1,1,149.0
2022-01-04,sleep,0 days 01:13:00,1,0,73.0
2022-01-04,sport,0 days 00:33:00,0,1,33.00000000000001
2022-01-04,transport,0 days 01:44:00,0,2,104.0
2022-01-04,work,0 days 01:22:00,1,1,82.0
2022-01-07,chores,0 days 00:04:00,0,2,4.000000000000001
2022-01-07,eat,0 days 00:30:00,0,2,30.0
2022-01-07,hobby,0 days 01:07:00,1,1,67.00000000000001
2022-01-07,leisure,0 days 04:54:00,0,0,294.0
2022-01-07,school,0 days 03:03:00,1,1,183.0
2022-01-07,sleep,0 days 02:00:00,1,0,120.0
2022-01-07,socio,0 days 01:00:00,0,0,60.0
2022-01-07,study,0 days 00:39:00,1,1,39.0
2022-01-08,leisure,0 days 06:42:00,0,0,402.0
2022-01-08,school,0 days 02:01:00,1,1,121.0
2022-01-08,sleep,0 days 02:57:00,1,0,177.0
2022-01-08,socio,0 days 01:33:00,0,0,93.0
2022-01-08,study,0 days 00:24:00,1,1,24.0
2022-01-08,work,0 days 02:29:00,1,1,149.0
2022-01-09,leisure,0 days 12:45:00,0,0,765.0
2022-01-09,school,0 days 01:10:00,1,1,70.0
2022-01-09,study,0 days 00:15:00,1,1,15.0
2022-01-10,chores,0 days 00:20:00,0,2,20.0
2022-01-10,eat,0 days 00:56:00,0,2,56.0
2022-01-10,hobby,0 days 00:32:00,1,1,32.00000000000001
2022-01-10,leisure,0 days 08:59:00,0,0,539.0000000000001
2022-01-10,socio,0 days 01:14:00,0,0,74.0
2022-01-10,study,0 days 01:29:00,1,1,89.0
2022-01-11,chores,0 days 00:33:00,0,2,33.00000000000001
2022-01-11,eat,0 days 00:39:00,0,2,39.0
2022-01-11,leisure,0 days 01:51:00,0,0,111.0
2022-01-11,school,0 days 01:58:00,1,1,118.0
2022-01-11,study,0 days 00:44:00,1,1,44.0
2022-01-11,transport,0 days 00:15:00,0,2,15.0
2022-01-11,work,0 days 08:16:00,1,1,496.00000000000006
2022-01-12,chores,0 days 00:17:00,0,2,17.000000000000004
2022-01-12,eat,0 days 00:49:00,0,2,49.0
2022-01-12,hobby,0 days 00:45:00,1,1,45.0
2022-01-12,leisure,0 days 05:10:00,0,0,310.0
2022-01-12,school,0 days 03:41:00,1,1,221.0
2022-01-12,socio,0 days 00:20:00,0,0,20.0
2022-01-12,study,0 days 00:32:00,1,1,32.00000000000001
2022-01-12,work,0 days 02:21:00,1,1,141.0
2022-01-13,chores,0 days 00:37:00,0,2,37.0
2022-01-13,eat,0 days 00:33:00,0,2,33.00000000000001
2022-01-13,leisure,0 days 02:57:00,0,0,177.0
2022-01-13,school,0 days 01:02:00,1,1,62.00000000000001
2022-01-13,socio,0 days 00:19:00,0,0,19.0
2022-01-13,study,0 days 00:44:00,1,1,44.0
2022-01-13,transport,0 days 00:16:00,0,2,16.000000000000004
2022-01-13,work,0 days 06:56:00,1,1,416.0
2022-01-14,chores,0 days 00:40:00,0,2,40.0
2022-01-14,eat,0 days 01:03:00,0,2,63.00000000000001
2022-01-14,leisure,0 days 05:24:00,0,0,324.0
2022-01-14,socio,0 days 00:53:00,0,0,53.0
2022-01-14,study,0 days 00:13:00,1,1,13.0
2022-01-14,transport,0 days 00:10:00,0,2,10.0
2022-01-14,work,0 days 06:21:00,1,1,381.0
2022-01-15,chores,0 days 00:19:00,0,2,19.0
2022-01-15,eat,0 days 00:27:00,0,2,27.0
2022-01-15,hobby,0 days 01:25:00,1,1,85.0
2022-01-15,leisure,0 days 04:56:00,0,0,296.0
2022-01-15,school,0 days 00:48:00,1,1,48.0
2022-01-15,socio,0 days 00:04:00,0,0,4.000000000000001
2022-01-15,study,0 days 01:09:00,1,1,69.0
2022-01-15,transport,0 days 00:01:00,0,2,1.0000000000000002
2022-01-15,work,0 days 04:32:00,1,1,272.00000000000006
2022-01-16,chores,0 days 00:29:00,0,2,29.0
2022-01-16,eat,0 days 00:21:00,0,2,21.0
2022-01-16,hobby,0 days 00:06:00,1,1,6.0
2022-01-16,leisure,0 days 06:25:00,0,0,385.0
2022-01-16,school,0 days 05:28:00,1,1,328.0
2022-01-16,study,0 days 00:06:00,1,1,6.0
2022-01-16,transport,0 days 00:24:00,0,2,24.0
2022-01-17,eat,0 days 00:44:00,0,2,44.0
2022-01-17,leisure,0 days 01:02:00,0,0,62.00000000000001
2022-01-17,school,0 days 06:42:00,1,1,402.0
2022-01-17,socio,0 days 01:56:00,0,0,116.0
2022-01-17,study,0 days 00:56:00,1,1,56.0
2022-01-17,transport,0 days 02:10:00,0,2,130.00000000000003
2022-01-17,work,0 days 01:39:00,1,1,99.0
2022-01-18,chores,0 days 00:10:00,0,2,10.0
2022-01-18,eat,0 days 00:25:00,0,2,25.0
2022-01-18,hobby,0 days 00:13:00,1,1,13.0
2022-01-18,leisure,0 days 04:17:00,0,0,257.00000000000006
2022-01-18,school,0 days 02:33:00,1,1,153.0
2022-01-18,sleep,0 days 01:21:00,1,0,81.0
2022-01-18,socio,0 days 03:28:00,0,0,208.0
2022-01-18,study,0 days 00:40:00,1,1,40.0
2022-01-18,transport,0 days 03:46:00,0,2,226.0
2022-01-19,eat,0 days 00:03:00,0,2,3.0
2022-01-19,leisure,0 days 02:22:00,0,0,142.0
2022-01-19,sleep,0 days 01:16:00,1,0,76.0
2022-01-19,socio,0 days 03:35:00,0,0,215.0
2022-01-19,transport,0 days 00:25:00,0,2,25.0
2022-01-19,work,0 days 05:59:00,1,1,359.0
2022-01-20,chores,0 days 00:21:00,0,2,21.0
2022-01-20,eat,0 days 00:33:00,0,2,33.00000000000001
2022-01-20,leisure,0 days 09:16:00,0,0,556.0
2022-01-20,socio,0 days 07:03:00,0,0,423.0
2022-01-20,study,0 days 00:05:00,1,1,5.0
2022-01-20,transport,0 days 00:09:00,0,2,9.0
2022-01-20,work,0 days 00:08:00,1,1,8.000000000000002
2022-01-21,chores,0 days 00:44:00,0,2,44.0
2022-01-21,eat,0 days 00:42:00,0,2,42.0
2022-01-21,hobby,0 days 00:27:00,1,1,27.0
2022-01-21,leisure,0 days 02:54:00,0,0,174.0
2022-01-21,sleep,0 days 00:50:00,1,0,50.0
2022-01-21,socio,0 days 01:58:00,0,0,118.0
2022-01-21,study,0 days 03:19:00,1,1,199.0
2022-01-21,transport,0 days 00:15:00,0,2,15.0
2022-01-22,chores,0 days 00:07:00,0,2,7.0
2022-01-22,eat,0 days 00:58:00,0,2,58.0
2022-01-22,hobby,0 days 00:34:00,1,1,34.00000000000001
2022-01-22,leisure,0 days 03:31:00,0,0,211.0
2022-01-22,school,0 days 00:05:00,1,1,5.0
2022-01-22,socio,0 days 01:59:00,0,0,119.0
2022-01-22,study,0 days 01:15:00,1,1,75.0
2022-01-22,transport,0 days 00:11:00,0,2,11.0
2022-01-22,work,0 days 05:47:00,1,1,347.0
2022-01-23,chores,0 days 00:34:00,0,2,34.00000000000001
2022-01-23,eat,0 days 00:08:00,0,2,8.000000000000002
2022-01-23,leisure,0 days 01:30:00,0,0,90.0
2022-01-23,school,0 days 00:41:00,1,1,41.0
2022-01-23,sleep,0 days 00:19:00,1,0,19.0
2022-01-23,socio,0 days 04:38:00,0,0,278.0
2022-01-23,study,0 days 01:46:00,1,1,106.0
2022-01-23,transport,0 days 02:06:00,0,2,126.00000000000001
2022-01-23,work,0 days 02:27:00,1,1,147.0
2022-01-24,chores,0 days 00:33:00,0,2,33.00000000000001
2022-01-24,eat,0 days 01:24:00,0,2,84.0
2022-01-24,hobby,0 days 00:21:00,1,1,21.0
2022-01-24,leisure,0 days 02:17:00,0,0,137.0
2022-01-24,school,0 days 01:30:00,1,1,90.0
2022-01-24,socio,0 days 04:02:00,0,0,242.0
2022-01-24,study,0 days 01:47:00,1,1,107.0
2022-01-24,transport,0 days 02:18:00,0,2,138.0
2022-01-24,work,0 days 00:03:00,1,1,3.0
2022-01-25,chores,0 days 00:31:00,0,2,31.000000000000004
2022-01-25,eat,0 days 00:37:00,0,2,37.0
2022-01-25,hobby,0 days 00:18:00,1,1,18.0
2022-01-25,leisure,0 days 05:52:00,0,0,352.0
2022-01-25,sleep,0 days 01:00:00,1,0,60.0
2022-01-25,socio,0 days 01:15:00,0,0,75.0
2022-01-25,study,0 days 00:54:00,1,1,54.0
2022-01-25,transport,0 days 00:20:00,0,2,20.0
2022-01-25,work,0 days 03:32:00,1,1,212.0
2022-01-26,chores,0 days 00:40:00,0,2,40.0
2022-01-26,eat,0 days 00:50:00,0,2,50.0
2022-01-26,hobby,0 days 00:35:00,1,1,35.0
2022-01-26,leisure,0 days 01:08:00,0,0,68.00000000000001
2022-01-26,socio,0 days 00:54:00,0,0,54.0
2022-01-26,study,0 days 00:36:00,1,1,36.0
2022-01-26,transport,0 days 02:31:00,0,2,151.0
2022-01-26,work,0 days 08:31:00,1,1,511.00000000000006
2022-01-27,chores,0 days 00:06:00,0,2,6.0
2022-01-27,eat,0 days 00:59:00,0,2,59.0
2022-01-27,hobby,0 days 00:28:00,1,1,28.0
2022-01-27,leisure,0 days 02:01:00,0,0,121.0
2022-01-27,school,0 days 01:21:00,1,1,81.0
2022-01-27,socio,0 days 01:17:00,0,0,77.0
2022-01-27,study,0 days 01:59:00,1,1,119.0
2022-01-27,transport,0 days 02:19:00,0,2,139.0
2022-01-27,work,0 days 04:31:00,1,1,271.00000000000006
2022-01-28,chores,0 days 00:14:00,0,2,14.0
2022-01-28,eat,0 days 00:23:00,0,2,23.0
2022-01-28,hobby,0 days 01:33:00,1,1,93.0
2022-01-28,leisure,0 days 01:26:00,0,0,86.0
2022-01-28,socio,0 days 02:59:00,0,0,179.0
2022-01-28,study,0 days 00:58:00,1,1,58.0
2022-01-28,transport,0 days 03:33:00,0,2,213.0
2022-01-28,work,0 days 05:42:00,1,1,342.0
2022-01-29,chores,0 days 00:05:00,0,2,5.0
2022-01-29,eat,0 days 00:50:00,0,2,50.0
2022-01-29,leisure,0 days 06:56:00,0,0,416.0
2022-01-29,socio,0 days 01:46:00,0,0,106.0
2022-01-29,study,0 days 04:08:00,1,1,248.00000000000003
2022-01-29,transport,0 days 00:24:00,0,2,24.0
2022-01-30,chores,0 days 00:26:00,0,2,26.0
2022-01-30,eat,0 days 00:30:00,0,2,30.0
2022-01-30,leisure,0 days 03:26:00,0,0,206.0
2022-01-30,socio,0 days 02:32:00,0,0,152.0
2022-01-30,study,0 days 04:37:00,1,1,277.0
2022-01-30,transport,0 days 03:48:00,0,2,228.0
2022-01-30,work,0 days 00:13:00,1,1,13.0
2022-01-31,chores,0 days 00:39:00,0,2,39.0
2022-01-31,eat,0 days 00:28:00,0,2,28.0
2022-01-31,leisure,0 days 01:56:00,0,0,116.0
2022-01-31,school,0 days 00:36:00,1,1,36.0
2022-01-31,socio,0 days 00:02:00,0,0,2.0000000000000004
2022-01-31,sport,0 days 00:02:00,0,1,2.0000000000000004
2022-01-31,study,0 days 05:34:00,1,1,334.0
2022-01-31,transport,0 days 02:17:00,0,2,137.0
2022-01-31,work,0 days 06:25:00,1,1,385.0
2022-02-01,chores,0 days 00:03:00,0,2,3.0
2022-02-01,eat,0 days 00:16:00,0,2,16.000000000000004
2022-02-01,leisure,0 days 00:27:00,0,0,27.0
2022-02-01,socio,0 days 04:07:00,0,0,247.00000000000003
2022-02-01,study,0 days 01:02:00,1,1,62.00000000000001
2022-02-01,transport,0 days 01:33:00,0,2,93.0
2022-02-01,work,0 days 06:57:00,1,1,417.0
2022-02-02,school,0 days 00:40:00,1,1,40.0
2022-02-02,sleep,0 days 04:00:00,1,0,240.0
2022-02-02,socio,0 days 01:21:00,0,0,81.0
2022-02-02,sport,0 days 02:10:00,0,1,130.00000000000003
2022-02-02,study,0 days 00:16:00,1,1,16.000000000000004
2022-02-02,transport,0 days 04:30:00,0,2,270.00000000000006
2022-02-03,eat,0 days 00:55:00,0,2,55.0
2022-02-03,leisure,0 days 01:18:00,0,0,78.0
2022-02-03,socio,0 days 01:59:00,0,0,119.0
2022-02-03,transport,0 days 02:37:00,0,2,157.0
2022-02-03,work,0 days 08:23:00,1,1,503.00000000000006
2022-02-04,chores,0 days 00:12:00,0,2,12.0
2022-02-04,eat,0 days 00:14:00,0,2,14.0
2022-02-04,hobby,0 days 02:00:00,1,1,120.0
2022-02-04,leisure,0 days 00:22:00,0,0,22.0
2022-02-04,school,0 days 00:20:00,1,1,20.0
2022-02-04,socio,0 days 02:20:00,0,0,140.0
2022-02-04,study,0 days 00:45:00,1,1,45.0
2022-02-04,transport,0 days 03:26:00,0,2,206.0
2022-02-04,work,0 days 04:24:00,1,1,264.00000000000006
2022-02-05,chores,0 days 01:04:00,0,2,64.00000000000001
2022-02-05,eat,0 days 01:00:00,0,2,60.0
2022-02-05,hobby,0 days 00:32:00,1,1,32.00000000000001
2022-02-05,leisure,0 days 03:19:00,0,0,199.0
2022-02-05,socio,0 days 01:05:00,0,0,65.00000000000001
2022-02-05,study,0 days 02:22:00,1,1,142.0
2022-02-05,transport,0 days 04:04:00,0,2,244.00000000000003
2022-02-05,work,0 days 01:54:00,1,1,114.0
2022-02-06,leisure,0 days 05:30:00,0,0,330.0
2022-02-06,socio,0 days 03:10:00,0,0,190.0
2022-02-06,study,0 days 05:18:00,1,1,318.0
2022-02-06,transport,0 days 00:04:00,0,2,4.000000000000001
2022-02-06,work,0 days 01:10:00,1,1,70.0
2022-02-07,chores,0 days 00:39:00,0,2,39.0
2022-02-07,eat,0 days 00:58:00,0,2,58.0
2022-02-07,leisure,0 days 00:53:00,0,0,53.0
2022-02-07,school,0 days 03:52:00,1,1,232.0
2022-02-07,socio,0 days 00:09:00,0,0,9.0
2022-02-07,study,0 days 02:55:00,1,1,175.0
2022-02-07,transport,0 days 03:19:00,0,2,199.0
2022-02-07,work,0 days 01:27:00,1,1,87.0
2022-02-08,chores,0 days 00:15:00,0,2,15.0
2022-02-08,eat,0 days 00:59:00,0,2,59.0
2022-02-08,leisure,0 days 00:21:00,0,0,21.0
2022-02-08,school,0 days 02:26:00,1,1,146.0
2022-02-08,socio,0 days 00:49:00,0,0,49.0
2022-02-08,sport,0 days 01:16:00,0,1,76.0
2022-02-08,study,0 days 00:38:00,1,1,38.0
2022-02-08,transport,0 days 03:01:00,0,2,181.0
2022-02-08,work,0 days 06:17:00,1,1,377.0
2022-02-09,chores,0 days 00:22:00,0,2,22.0
2022-02-09,eat,0 days 00:25:00,0,2,25.0
2022-02-09,leisure,0 days 02:47:00,0,0,167.0
2022-02-09,school,0 days 02:05:00,1,1,125.00000000000001
2022-02-09,socio,0 days 00:20:00,0,0,20.0
2022-02-09,study,0 days 01:21:00,1,1,81.0
2022-02-09,transport,0 days 03:02:00,0,2,182.0
2022-02-09,work,0 days 05:20:00,1,1,320.0
2022-02-10,chores,0 days 00:15:00,0,2,15.0
2022-02-10,eat,0 days 00:54:00,0,2,54.0
2022-02-10,leisure,0 days 03:06:00,0,0,186.0
2022-02-10,school,0 days 02:53:00,1,1,173.0
2022-02-10,socio,0 days 02:14:00,0,0,134.00000000000003
2022-02-10,study,0 days 00:14:00,1,1,14.0
2022-02-10,transport,0 days 00:45:00,0,2,45.0
2022-02-10,work,0 days 04:31:00,1,1,271.00000000000006
2022-02-11,chores,0 days 00:39:00,0,2,39.0
2022-02-11,eat,0 days 00:57:00,0,2,57.0
2022-02-11,hobby,0 days 01:18:00,1,1,78.0
2022-02-11,leisure,0 days 01:28:00,0,0,88.0
2022-02-11,school,0 days 00:14:00,1,1,14.0
2022-02-11,socio,0 days 02:10:00,0,0,130.00000000000003
2022-02-11,study,0 days 01:37:00,1,1,97.0
2022-02-11,transport,0 days 02:40:00,0,2,160.0
2022-02-11,work,0 days 04:12:00,1,1,252.00000000000003
2022-02-12,chores,0 days 00:44:00,0,2,44.0
2022-02-12,eat,0 days 00:25:00,0,2,25.0
2022-02-12,leisure,0 days 02:47:00,0,0,167.0
2022-02-12,school,0 days 03:06:00,1,1,186.0
2022-02-12,socio,0 days 03:35:00,0,0,215.0
2022-02-12,study,0 days 00:45:00,1,1,45.0
2022-02-12,transport,0 days 02:36:00,0,2,156.0
2022-02-12,work,0 days 01:42:00,1,1,102.0
2022-02-13,chores,0 days 00:20:00,0,2,20.0
2022-02-13,eat,0 days 00:26:00,0,2,26.0
2022-02-13,hobby,0 days 00:24:00,1,1,24.0
2022-02-13,leisure,0 days 03:21:00,0,0,201.0
2022-02-13,school,0 days 00:37:00,1,1,37.0
2022-02-13,socio,0 days 02:50:00,0,0,170.0
2022-02-13,study,0 days 01:56:00,1,1,116.0
2022-02-13,transport,0 days 02:19:00,0,2,139.0
2022-02-13,work,0 days 02:10:00,1,1,130.00000000000003
2022-02-14,chores,0 days 00:50:00,0,2,50.0
2022-02-14,eat,0 days 00:47:00,0,2,47.0
2022-02-14,hobby,0 days 01:03:00,1,1,63.00000000000001
2022-02-14,leisure,0 days 01:23:00,0,0,83.0
2022-02-14,socio,0 days 00:15:00,0,0,15.0
2022-02-14,study,0 days 02:38:00,1,1,158.0
2022-02-14,transport,0 days 02:19:00,0,2,139.0
2022-02-14,work,0 days 07:25:00,1,1,445.0
2022-02-15,eat,0 days 01:41:00,0,2,101.0
2022-02-15,leisure,0 days 00:38:00,0,0,38.0
2022-02-15,school,0 days 03:54:00,1,1,234.0
2022-02-15,socio,0 days 00:34:00,0,0,34.00000000000001
2022-02-15,study,0 days 00:17:00,1,1,17.000000000000004
2022-02-15,transport,0 days 02:06:00,0,2,126.00000000000001
2022-02-15,work,0 days 04:12:00,1,1,252.00000000000003
2022-02-16,chores,0 days 00:45:00,0,2,45.0
2022-02-16,eat,0 days 00:46:00,0,2,46.0
2022-02-16,hobby,0 days 00:10:00,1,1,10.0
2022-02-16,leisure,0 days 03:24:00,0,0,204.0
2022-02-16,socio,0 days 04:39:00,0,0,279.0
2022-02-16,study,0 days 01:10:00,1,1,70.0
2022-02-16,transport,0 days 01:45:00,0,2,105.0
2022-02-16,work,0 days 02:24:00,1,1,144.0
2022-02-17,chores,0 days 01:03:00,0,2,63.00000000000001
2022-02-17,eat,0 days 00:16:00,0,2,16.000000000000004
2022-02-17,hobby,0 days 02:25:00,1,1,145.0
2022-02-17,leisure,0 days 03:07:00,0,0,187.0
2022-02-17,school,0 days 00:11:00,1,1,11.0
2022-02-17,socio,0 days 01:59:00,0,0,119.0
2022-02-17,sport,0 days 00:25:00,0,1,25.0
2022-02-17,study,0 days 00:14:00,1,1,14.0
2022-02-17,transport,0 days 00:50:00,0,2,50.0
2022-02-17,work,0 days 04:50:00,1,1,290.0
2022-02-18,chores,0 days 00:10:00,0,2,10.0
2022-02-18,eat,0 days 00:32:00,0,2,32.00000000000001
2022-02-18,hobby,0 days 00:30:00,1,1,30.0
2022-02-18,leisure,0 days 05:25:00,0,0,325.0
2022-02-18,school,0 days 02:59:00,1,1,179.0
2022-02-18,socio,0 days 01:19:00,0,0,79.0
2022-02-18,study,0 days 00:55:00,1,1,55.0
2022-02-18,transport,0 days 01:46:00,0,2,106.0
2022-02-18,work,0 days 02:22:00,1,1,142.0
2022-02-19,chores,0 days 00:28:00,0,2,28.0
2022-02-19,leisure,0 days 02:15:00,0,0,135.00000000000003
2022-02-19,socio,0 days 06:08:00,0,0,368.0
2022-02-19,study,0 days 00:38:00,1,1,38.0
2022-02-19,transport,0 days 04:00:00,0,2,240.0
2022-02-20,chores,0 days 01:33:00,0,2,93.0
2022-02-20,eat,0 days 00:41:00,0,2,41.0
2022-02-20,leisure,0 days 01:50:00,0,0,110.0
2022-02-20,socio,0 days 00:15:00,0,0,15.0
2022-02-20,study,0 days 07:05:00,1,1,425.0
2022-02-21,chores,0 days 00:37:00,0,2,37.0
2022-02-21,eat,0 days 00:11:00,0,2,11.0
2022-02-21,leisure,0 days 01:31:00,0,0,91.0
2022-02-21,school,0 days 02:30:00,1,1,150.0
2022-02-21,socio,0 days 01:09:00,0,0,69.0
2022-02-21,sport,0 days 00:00:00,0,1,0.0
2022-02-21,study,0 days 05:29:00,1,1,329.0
2022-02-21,transport,0 days 03:26:00,0,2,206.0
2022-02-21,work,0 days 00:41:00,1,1,41.0
2022-02-22,chores,0 days 00:03:00,0,2,3.0
2022-02-22,eat,0 days 00:53:00,0,2,53.0
2022-02-22,leisure,0 days 00:43:00,0,0,43.0
2022-02-22,school,0 days 02:52:00,1,1,172.0
2022-02-22,socio,0 days 00:29:00,0,0,29.0
2022-02-22,sport,0 days 01:34:00,0,1,94.0
2022-02-22,study,0 days 00:41:00,1,1,41.0
2022-02-22,transport,0 days 02:42:00,0,2,162.0
2022-02-22,work,0 days 05:48:00,1,1,348.0
2022-02-23,chores,0 days 01:08:00,0,2,68.00000000000001
2022-02-23,eat,0 days 00:46:00,0,2,46.0
2022-02-23,leisure,0 days 03:13:00,0,0,193.0
2022-02-23,socio,0 days 03:47:00,0,0,227.0
2022-02-23,study,0 days 01:04:00,1,1,64.00000000000001
2022-02-23,transport,0 days 00:36:00,0,2,36.0
2022-02-23,work,0 days 02:22:00,1,1,142.0
2022-02-24,chores,0 days 00:22:00,0,2,22.0
2022-02-24,eat,0 days 00:27:00,0,2,27.0
2022-02-24,leisure,0 days 01:39:00,0,0,99.0
2022-02-24,school,0 days 02:36:00,1,1,156.0
2022-02-24,sleep,0 days 00:19:00,1,0,19.0
2022-02-24,socio,0 days 00:30:00,0,0,30.0
2022-02-24,sport,0 days 01:12:00,0,1,72.0
2022-02-24,study,0 days 00:26:00,1,1,26.0
2022-02-24,transport,0 days 03:14:00,0,2,194.0
2022-02-24,work,0 days 04:12:00,1,1,252.00000000000003
2022-02-25,eat,0 days 00:34:00,0,2,34.00000000000001
2022-02-25,leisure,0 days 01:56:00,0,0,116.0
2022-02-25,socio,0 days 04:29:00,0,0,269.00000000000006
2022-02-25,study,0 days 00:31:00,1,1,31.000000000000004
2022-02-25,transport,0 days 01:18:00,0,2,78.0
2022-02-25,work,0 days 02:20:00,1,1,140.0
2022-02-26,chores,0 days 00:26:00,0,2,26.0
2022-02-26,eat,0 days 00:11:00,0,2,11.0
2022-02-26,leisure,0 days 00:13:00,0,0,13.0
2022-02-26,school,0 days 06:08:00,1,1,368.0
2022-02-26,socio,0 days 01:50:00,0,0,110.0
2022-02-26,study,0 days 00:23:00,1,1,23.0
2022-02-26,transport,0 days 02:35:00,0,2,155.0
2022-02-26,work,0 days 03:33:00,1,1,213.0
2022-02-27,chores,0 days 00:30:00,0,2,30.0
2022-02-27,eat,0 days 01:02:00,0,2,62.00000000000001
2022-02-27,hobby,0 days 00:16:00,1,1,16.000000000000004
2022-02-27,leisure,0 days 01:33:00,0,0,93.0
2022-02-27,school,0 days 09:13:00,1,1,553.0
2022-02-27,sleep,0 days 00:54:00,1,0,54.0
2022-02-27,socio,0 days 00:13:00,0,0,13.0
2022-02-27,study,0 days 00:18:00,1,1,18.0
2022-02-27,transport,0 days 00:10:00,0,2,10.0
2022-02-27,work,0 days 01:22:00,1,1,82.0
2022-02-28,eat,0 days 00:31:00,0,2,31.000000000000004
2022-02-28,hobby,0 days 05:03:00,1,1,303.0
2022-02-28,school,0 days 02:56:00,1,1,176.0
2022-02-28,socio,0 days 00:24:00,0,0,24.0
2022-02-28,study,0 days 01:23:00,1,1,83.0
2022-02-28,transport,0 days 02:46:00,0,2,166.0
2022-02-28,work,0 days 00:12:00,1,1,12.0
2022-03-01,chores,0 days 00:24:00,0,2,24.0
2022-03-01,eat,0 days 00:54:00,0,2,54.0
2022-03-01,leisure,0 days 02:22:00,0,0,142.0
2022-03-01,school,0 days 00:56:00,1,1,56.0
2022-03-01,sleep,0 days 01:10:00,1,0,70.0
2022-03-01,socio,0 days 02:31:00,0,0,151.0
2022-03-01,study,0 days 02:18:00,1,1,138.0
2022-03-01,transport,0 days 00:13:00,0,2,13.0
2022-03-01,work,0 days 05:48:00,1,1,348.0
2022-03-02,chores,0 days 00:42:00,0,2,42.0
2022-03-02,eat,0 days 00:20:00,0,2,20.0
2022-03-02,leisure,0 days 03:16:00,0,0,196.0
2022-03-02,school,0 days 01:24:00,1,1,84.0
2022-03-02,socio,0 days 02:06:00,0,0,126.00000000000001
2022-03-02,study,0 days 01:11:00,1,1,71.0
2022-03-02,transport,0 days 00:02:00,0,2,2.0000000000000004
2022-03-02,work,0 days 05:11:00,1,1,311.0
2022-03-03,chores,0 days 00:30:00,0,2,30.0
2022-03-03,leisure,0 days 06:09:00,0,0,369.0
2022-03-03,school,0 days 00:20:00,1,1,20.0
2022-03-03,socio,0 days 04:26:00,0,0,266.00000000000006
2022-03-03,sport,0 days 00:28:00,0,1,28.0
2022-03-03,study,0 days 00:33:00,1,1,33.00000000000001
2022-03-03,transport,0 days 02:13:00,0,2,133.00000000000003
2022-03-04,chores,0 days 00:38:00,0,2,38.0
2022-03-04,eat,0 days 00:43:00,0,2,43.0
2022-03-04,leisure,0 days 01:15:00,0,0,75.0
2022-03-04,school,0 days 03:19:00,1,1,199.0
2022-03-04,socio,0 days 01:33:00,0,0,93.0
2022-03-04,study,0 days 00:35:00,1,1,35.0
2022-03-04,transport,0 days 03:25:00,0,2,205.0
2022-03-04,work,0 days 03:43:00,1,1,223.0
2022-03-05,chores,0 days 01:19:00,0,2,79.0
2022-03-05,eat,0 days 00:24:00,0,2,24.0
2022-03-05,leisure,0 days 04:24:00,0,0,264.00000000000006
2022-03-05,socio,0 days 02:44:00,0,0,164.0
2022-03-05,study,0 days 01:00:00,1,1,60.0
2022-03-05,transport,0 days 01:15:00,0,2,75.0
2022-03-05,work,0 days 02:08:00,1,1,128.00000000000003
2022-03-06,eat,0 days 00:29:00,0,2,29.0
2022-03-06,leisure,0 days 03:00:00,0,0,180.0
2022-03-06,school,0 days 01:00:00,1,1,60.0
2022-03-06,socio,0 days 02:47:00,0,0,167.0
2022-03-06,sport,0 days 03:50:00,0,1,230.0
2022-03-06,study,0 days 00:41:00,1,1,41.0
2022-03-07,chores,0 days 00:05:00,0,2,5.0
2022-03-07,eat,0 days 00:43:00,0,2,43.0
2022-03-07,hobby,0 days 03:20:00,1,1,200.0
2022-03-07,leisure,0 days 01:19:00,0,0,79.0
2022-03-07,school,0 days 02:23:00,1,1,143.0
2022-03-07,socio,0 days 00:09:00,0,0,9.0
2022-03-07,study,0 days 04:37:00,1,1,277.0
2022-03-07,transport,0 days 02:25:00,0,2,145.0
2022-03-08,chores,0 days 01:07:00,0,2,67.00000000000001
2022-03-08,eat,0 days 00:38:00,0,2,38.0
2022-03-08,leisure,0 days 04:10:00,0,0,250.00000000000003
2022-03-08,socio,0 days 03:17:00,0,0,197.0
2022-03-08,study,0 days 01:00:00,1,1,60.0
2022-03-08,transport,0 days 02:32:00,0,2,152.0
2022-03-08,work,0 days 01:05:00,1,1,65.00000000000001
2022-03-09,chores,0 days 00:40:00,0,2,40.0
2022-03-09,eat,0 days 00:43:00,0,2,43.0
2022-03-09,hobby,0 days 00:36:00,1,1,36.0
2022-03-09,leisure,0 days 00:19:00,0,0,19.0
2022-03-09,school,0 days 03:04:00,1,1,184.0
2022-03-09,sleep,0 days 01:21:00,1,0,81.0
2022-03-09,study,0 days 00:35:00,1,1,35.0
2022-03-09,transport,0 days 02:14:00,0,2,134.00000000000003
2022-03-09,work,0 days 04:21:00,1,1,261.00000000000006
2022-03-10,chores,0 days 01:00:00,0,2,60.0
2022-03-10,eat,0 days 00:56:00,0,2,56.0
2022-03-10,hobby,0 days 00:59:00,1,1,59.0
2022-03-10,leisure,0 days 00:53:00,0,0,53.0
2022-03-10,school,0 days 03:20:00,1,1,200.0
2022-03-10,socio,0 days 00:16:00,0,0,16.000000000000004
2022-03-10,sport,0 days 01:30:00,0,1,90.0
2022-03-10,study,0 days 01:03:00,1,1,63.00000000000001
2022-03-10,transport,0 days 02:24:00,0,2,144.0
2022-03-10,work,0 days 00:38:00,1,1,38.0
2022-03-11,chores,0 days 00:05:00,0,2,5.0
2022-03-11,eat,0 days 01:17:00,0,2,77.0
2022-03-11,leisure,0 days 00:53:00,0,0,53.0
2022-03-11,school,0 days 02:12:00,1,1,132.00000000000003
2022-03-11,socio,0 days 02:55:00,0,0,175.0
2022-03-11,study,0 days 03:17:00,1,1,197.0
2022-03-11,transport,0 days 01:18:00,0,2,78.0
2022-03-11,work,0 days 01:13:00,1,1,73.0
2022-03-12,chores,0 days 00:48:00,0,2,48.0
2022-03-12,eat,0 days 00:28:00,0,2,28.0
2022-03-12,hobby,0 days 00:22:00,1,1,22.0
2022-03-12,leisure,0 days 05:58:00,0,0,358.0
2022-03-12,school,0 days 01:31:00,1,1,91.0
2022-03-12,sleep,0 days 00:25:00,1,0,25.0
2022-03-12,socio,0 days 02:35:00,0,0,155.0
2022-03-12,study,0 days 00:25:00,1,1,25.0
2022-03-12,transport,0 days 00:52:00,0,2,52.0
2022-03-12,work,0 days 00:05:00,1,1,5.0
2022-03-13,chores,0 days 00:21:00,0,2,21.0
2022-03-13,eat,0 days 00:45:00,0,2,45.0
2022-03-13,hobby,0 days 00:09:00,1,1,9.0
2022-03-13,leisure,0 days 03:24:00,0,0,204.0
2022-03-13,socio,0 days 01:56:00,0,0,116.0
2022-03-13,study,0 days 01:29:00,1,1,89.0
2022-03-13,transport,0 days 00:07:00,0,2,7.0
2022-03-13,work,0 days 04:55:00,1,1,295.0
2022-03-14,chores,0 days 00:03:00,0,2,3.0
2022-03-14,eat,0 days 00:28:00,0,2,28.0
2022-03-14,leisure,0 days 00:40:00,0,0,40.0
2022-03-14,socio,0 days 02:01:00,0,0,121.0
2022-03-14,study,0 days 01:35:00,1,1,95.0
2022-03-14,transport,0 days 02:43:00,0,2,163.0
2022-03-14,work,0 days 07:00:00,1,1,420.0
2022-03-15,chores,0 days 00:43:00,0,2,43.0
2022-03-15,eat,0 days 00:19:00,0,2,19.0
2022-03-15,leisure,0 days 00:47:00,0,0,47.0
2022-03-15,school,0 days 02:55:00,1,1,175.0
2022-03-15,socio,0 days 00:49:00,0,0,49.0
2022-03-15,study,0 days 01:44:00,1,1,104.0
2022-03-15,transport,0 days 02:16:00,0,2,136.00000000000003
2022-03-15,work,0 days 04:51:00,1,1,291.0
2022-03-16,chores,0 days 01:17:00,0,2,77.0
2022-03-16,hobby,0 days 00:05:00,1,1,5.0
2022-03-16,leisure,0 days 03:49:00,0,0,229.0
2022-03-16,socio,0 days 01:37:00,0,0,97.0
2022-03-16,study,0 days 03:44:00,1,1,224.0
2022-03-16,transport,0 days 00:05:00,0,2,5.0
2022-03-16,work,0 days 04:48:00,1,1,288.0
2022-03-17,chores,0 days 00:14:00,0,2,14.0
2022-03-17,eat,0 days 00:42:00,0,2,42.0
2022-03-17,hobby,0 days 00:55:00,1,1,55.0
2022-03-17,leisure,0 days 01:05:00,0,0,65.00000000000001
2022-03-17,school,0 days 02:45:00,1,1,165.0
2022-03-17,socio,0 days 01:08:00,0,0,68.00000000000001
2022-03-17,sport,0 days 01:30:00,0,1,90.0
2022-03-17,study,0 days 03:38:00,1,1,218.0
2022-03-17,transport,0 days 03:21:00,0,2,201.0
2022-03-17,work,0 days 01:01:00,1,1,61.00000000000001
2022-03-18,chores,0 days 00:21:00,0,2,21.0
2022-03-18,eat,0 days 00:31:00,0,2,31.000000000000004
2022-03-18,leisure,0 days 02:15:00,0,0,135.00000000000003
2022-03-18,school,0 days 01:10:00,1,1,70.0
2022-03-18,socio,0 days 01:52:00,0,0,112.0
2022-03-18,study,0 days 03:01:00,1,1,181.0
2022-03-18,transport,0 days 02:32:00,0,2,152.0
2022-03-18,work,0 days 02:22:00,1,1,142.0
2022-03-19,chores,0 days 00:36:00,0,2,36.0
2022-03-19,eat,0 days 00:32:00,0,2,32.00000000000001
2022-03-19,hobby,0 days 00:29:00,1,1,29.0
2022-03-19,leisure,0 days 08:05:00,0,0,485.0
2022-03-19,study,0 days 05:06:00,1,1,306.0
2022-03-19,work,0 days 00:30:00,1,1,30.0
2022-03-20,chores,0 days 00:05:00,0,2,5.0
2022-03-20,eat,0 days 00:59:00,0,2,59.0
2022-03-20,hobby,0 days 00:20:00,1,1,20.0
2022-03-20,leisure,0 days 04:59:00,0,0,299.0
2022-03-20,socio,0 days 03:47:00,0,0,227.0
2022-03-20,study,0 days 04:16:00,1,1,256.00000000000006
2022-03-20,transport,0 days 00:41:00,0,2,41.0
2022-03-21,chores,0 days 02:07:00,0,2,127.00000000000001
2022-03-21,eat,0 days 00:41:00,0,2,41.0
2022-03-21,leisure,0 days 01:02:00,0,0,62.00000000000001
2022-03-21,school,0 days 04:16:00,1,1,256.00000000000006
2022-03-21,sport,0 days 00:52:00,0,1,52.0
2022-03-21,study,0 days 02:57:00,1,1,177.0
2022-03-21,transport,0 days 04:26:00,0,2,266.00000000000006
2022-03-21,work,0 days 00:44:00,1,1,44.0
2022-03-22,chores,0 days 00:40:00,0,2,40.0
2022-03-22,leisure,0 days 03:11:00,0,0,191.0
2022-03-22,socio,0 days 02:59:00,0,0,179.0
2022-03-22,sport,0 days 00:31:00,0,1,31.000000000000004
2022-03-22,study,0 days 02:17:00,1,1,137.0
2022-03-22,transport,0 days 00:34:00,0,2,34.00000000000001
2022-03-22,work,0 days 05:04:00,1,1,304.0
2022-03-23,eat,0 days 00:43:00,0,2,43.0
2022-03-23,leisure,0 days 04:07:00,0,0,247.00000000000003
2022-03-23,school,0 days 01:08:00,1,1,68.00000000000001
2022-03-23,sleep,0 days 01:32:00,1,0,92.0
2022-03-23,work,0 days 04:59:00,1,1,299.0
2022-03-24,eat,0 days 00:20:00,0,2,20.0
2022-03-24,hobby,0 days 00:30:00,1,1,30.0
2022-03-24,leisure,0 days 03:31:00,0,0,211.0
2022-03-24,sport,0 days 00:43:00,0,1,43.0
2022-03-24,work,0 days 05:15:00,1,1,315.0
2022-03-25,chores,0 days 00:24:00,0,2,24.0
2022-03-25,eat,0 days 00:10:00,0,2,10.0
2022-03-25,leisure,0 days 03:02:00,0,0,182.0
2022-03-25,school,0 days 01:19:00,1,1,79.0
2022-03-25,socio,0 days 01:51:00,0,0,111.0
2022-03-25,study,0 days 00:34:00,1,1,34.00000000000001
2022-03-25,transport,0 days 00:41:00,0,2,41.0
2022-03-25,work,0 days 04:20:00,1,1,260.00000000000006
2022-03-26,chores,0 days 00:19:00,0,2,19.0
2022-03-26,eat,0 days 00:16:00,0,2,16.000000000000004
2022-03-26,hobby,0 days 01:56:00,1,1,116.0
2022-03-26,leisure,0 days 00:33:00,0,0,33.00000000000001
2022-03-26,school,0 days 01:38:00,1,1,98.0
2022-03-26,socio,0 days 04:07:00,0,0,247.00000000000003
2022-03-26,study,0 days 03:10:00,1,1,190.0
2022-03-26,transport,0 days 00:56:00,0,2,56.0
2022-03-26,work,0 days 00:24:00,1,1,24.0
2022-03-27,chores,0 days 00:10:00,0,2,10.0
2022-03-27,eat,0 days 00:15:00,0,2,15.0
2022-03-27,hobby,0 days 00:26:00,1,1,26.0
2022-03-27,leisure,0 days 02:32:00,0,0,152.0
2022-03-27,socio,0 days 04:46:00,0,0,286.0
2022-03-27,study,0 days 02:09:00,1,1,129.00000000000003
2022-03-27,transport,0 days 03:03:00,0,2,183.0
2022-03-27,work,0 days 00:07:00,1,1,7.0
2022-03-28,chores,0 days 00:41:00,0,2,41.0
2022-03-28,eat,0 days 00:18:00,0,2,18.0
2022-03-28,hobby,0 days 00:21:00,1,1,21.0
2022-03-28,leisure,0 days 02:44:00,0,0,164.0
2022-03-28,school,0 days 01:12:00,1,1,72.0
2022-03-28,socio,0 days 00:34:00,0,0,34.00000000000001
2022-03-28,study,0 days 03:27:00,1,1,207.0
2022-03-28,transport,0 days 00:10:00,0,2,10.0
2022-03-28,work,0 days 04:00:00,1,1,240.0
2022-03-29,chores,0 days 01:12:00,0,2,72.0
2022-03-29,eat,0 days 00:46:00,0,2,46.0
2022-03-29,leisure,0 days 02:28:00,0,0,148.0
2022-03-29,school,0 days 02:18:00,1,1,138.0
2022-03-29,socio,0 days 00:38:00,0,0,38.0
2022-03-29,sport,0 days 01:14:00,0,1,74.0
2022-03-29,study,0 days 00:57:00,1,1,57.0
2022-03-29,transport,0 days 02:16:00,0,2,136.00000000000003
2022-03-29,work,0 days 04:46:00,1,1,286.0
2022-03-30,leisure,0 days 02:22:00,0,0,142.0
2022-03-30,sleep,0 days 03:34:00,1,0,214.0
2022-03-30,socio,0 days 02:21:00,0,0,141.0
2022-03-30,study,0 days 01:19:00,1,1,79.0
2022-03-30,work,0 days 07:59:00,1,1,479.0
2022-03-31,eat,0 days 00:20:00,0,2,20.0
2022-03-31,leisure,0 days 02:10:00,0,0,130.00000000000003
2022-03-31,school,0 days 03:07:00,1,1,187.0
2022-03-31,socio,0 days 00:59:00,0,0,59.0
2022-03-31,work,0 days 11:40:00,1,1,700.0
2022-04-01,chores,0 days 00:56:00,0,2,56.0
2022-04-01,eat,0 days 00:23:00,0,2,23.0
2022-04-01,leisure,0 days 00:22:00,0,0,22.0
2022-04-01,school,0 days 03:19:00,1,1,199.0
2022-04-01,socio,0 days 02:54:00,0,0,174.0
2022-04-01,transport,0 days 04:16:00,0,2,256.00000000000006
2022-04-01,work,0 days 01:12:00,1,1,72.0
2022-04-02,eat,0 days 00:40:00,0,2,40.0
2022-04-02,socio,0 days 11:55:00,0,0,715.0
2022-04-02,sport,0 days 00:56:00,0,1,56.0
2022-04-02,transport,0 days 03:50:00,0,2,230.0
2022-04-03,eat,0 days 00:53:00,0,2,53.0
2022-04-03,hobby,0 days 02:24:00,1,1,144.0
2022-04-03,leisure,0 days 01:00:00,0,0,60.0
2022-04-03,sleep,0 days 02:14:00,1,0,134.00000000000003
2022-04-03,socio,0 days 07:08:00,0,0,428.0
2022-04-03,study,0 days 01:33:00,1,1,93.0
2022-04-03,transport,0 days 02:03:00,0,2,123.00000000000001
2022-04-04,chores,0 days 00:31:00,0,2,31.000000000000004
2022-04-04,eat,0 days 01:15:00,0,2,75.0
2022-04-04,hobby,0 days 00:19:00,1,1,19.0
2022-04-04,leisure,0 days 01:36:00,0,0,96.0
2022-04-04,school,0 days 00:09:00,1,1,9.0
2022-04-04,socio,0 days 00:19:00,0,0,19.0
2022-04-04,study,0 days 02:25:00,1,1,145.0
2022-04-04,transport,0 days 02:17:00,0,2,137.0
2022-04-04,work,0 days 04:59:00,1,1,299.0
2022-04-05,chores,0 days 00:16:00,0,2,16.000000000000004
2022-04-05,eat,0 days 00:25:00,0,2,25.0
2022-04-05,hobby,0 days 00:38:00,1,1,38.0
2022-04-05,leisure,0 days 01:23:00,0,0,83.0
2022-04-05,school,0 days 02:50:00,1,1,170.0
2022-04-05,socio,0 days 03:53:00,0,0,233.0
2022-04-05,study,0 days 00:52:00,1,1,52.0
2022-04-05,transport,0 days 01:36:00,0,2,96.0
2022-04-05,work,0 days 04:07:00,1,1,247.00000000000003
2022-04-06,chores,0 days 01:58:00,0,2,118.0
2022-04-06,leisure,0 days 03:13:00,0,0,193.0
2022-04-06,school,0 days 02:21:00,1,1,141.0
2022-04-06,sleep,0 days 01:39:00,1,0,99.0
2022-04-06,study,0 days 03:18:00,1,1,198.0
2022-04-06,transport,0 days 00:39:00,0,2,39.0
2022-04-06,work,0 days 01:48:00,1,1,108.0
2022-04-07,chores,0 days 00:31:00,0,2,31.000000000000004
2022-04-07,eat,0 days 00:52:00,0,2,52.0
2022-04-07,hobby,0 days 00:24:00,1,1,24.0
2022-04-07,leisure,0 days 00:46:00,0,0,46.0
2022-04-07,socio,0 days 07:45:00,0,0,465.0
2022-04-07,sport,0 days 01:25:00,0,1,85.0
2022-04-07,study,0 days 02:15:00,1,1,135.00000000000003
2022-04-07,transport,0 days 01:14:00,0,2,74.0
2022-04-08,chores,0 days 00:04:00,0,2,4.000000000000001
2022-04-08,eat,0 days 00:16:00,0,2,16.000000000000004
2022-04-08,hobby,0 days 00:51:00,1,1,51.0
2022-04-08,leisure,0 days 00:53:00,0,0,53.0
2022-04-08,socio,0 days 02:51:00,0,0,171.0
2022-04-08,study,0 days 00:44:00,1,1,44.0
2022-04-08,transport,0 days 02:53:00,0,2,173.0
2022-04-08,work,0 days 07:56:00,1,1,476.0
2022-04-09,chores,0 days 00:39:00,0,2,39.0
2022-04-09,eat,0 days 00:57:00,0,2,57.0
2022-04-09,leisure,0 days 03:55:00,0,0,235.0
2022-04-09,socio,0 days 03:07:00,0,0,187.0
2022-04-09,study,0 days 00:41:00,1,1,41.0
2022-04-09,transport,0 days 03:05:00,0,2,185.0
2022-04-10,chores,0 days 00:33:00,0,2,33.00000000000001
2022-04-10,eat,0 days 00:27:00,0,2,27.0
2022-04-10,leisure,0 days 03:43:00,0,0,223.0
2022-04-10,socio,0 days 00:55:00,0,0,55.0
2022-04-10,study,0 days 01:32:00,1,1,92.0
2022-04-10,transport,0 days 01:20:00,0,2,80.0
2022-04-10,work,0 days 05:22:00,1,1,322.0
2022-04-11,chores,0 days 01:26:00,0,2,86.0
2022-04-11,eat,0 days 01:05:00,0,2,65.00000000000001
2022-04-11,leisure,0 days 03:05:00,0,0,185.0
2022-04-11,school,0 days 00:07:00,1,1,7.0
2022-04-11,study,0 days 02:14:00,1,1,134.00000000000003
2022-04-11,transport,0 days 00:51:00,0,2,51.0
2022-04-11,work,0 days 07:40:00,1,1,460.0
2022-04-12,eat,0 days 00:31:00,0,2,31.000000000000004
2022-04-12,leisure,0 days 01:48:00,0,0,108.0
2022-04-12,school,0 days 02:42:00,1,1,162.0
2022-04-12,study,0 days 00:14:00,1,1,14.0
2022-04-12,transport,0 days 03:20:00,0,2,200.0
2022-04-12,work,0 days 03:32:00,1,1,212.0
2022-04-13,eat,0 days 00:43:00,0,2,43.0
2022-04-13,hobby,0 days 00:55:00,1,1,55.0
2022-04-13,leisure,0 days 04:56:00,0,0,296.0
2022-04-13,sleep,0 days 00:30:00,1,0,30.0
2022-04-13,socio,0 days 01:20:00,0,0,80.0
2022-04-13,sport,0 days 00:50:00,0,1,50.0
2022-04-13,study,0 days 03:34:00,1,1,214.0
2022-04-13,transport,0 days 03:16:00,0,2,196.0
2022-04-14,chores,0 days 00:47:00,0,2,47.0
2022-04-14,eat,0 days 00:52:00,0,2,52.0
2022-04-14,leisure,0 days 00:20:00,0,0,20.0
2022-04-14,school,0 days 02:17:00,1,1,137.0
2022-04-14,sport,0 days 01:38:00,0,1,98.0
2022-04-14,study,0 days 00:57:00,1,1,57.0
2022-04-14,transport,0 days 02:07:00,0,2,127.00000000000001
2022-04-14,work,0 days 05:42:00,1,1,342.0
2022-04-15,eat,0 days 00:06:00,0,2,6.0
2022-04-15,school,0 days 03:57:00,1,1,237.0
2022-04-15,socio,0 days 22:51:00,0,0,1371.0
2022-04-15,study,0 days 00:17:00,1,1,17.000000000000004
2022-04-15,transport,0 days 03:51:00,0,2,231.0
2022-04-17,eat,0 days 00:10:00,0,2,10.0
2022-04-17,socio,0 days 06:20:00,0,0,380.0
2022-04-17,transport,0 days 00:49:00,0,2,49.0
2022-04-18,chores,0 days 00:26:00,0,2,26.0
2022-04-18,eat,0 days 00:16:00,0,2,16.000000000000004
2022-04-18,hobby,0 days 00:53:00,1,1,53.0
2022-04-18,leisure,0 days 02:45:00,0,0,165.0
2022-04-18,school,0 days 00:57:00,1,1,57.0
2022-04-18,socio,0 days 01:17:00,0,0,77.0
2022-04-18,sport,0 days 01:38:00,0,1,98.0
2022-04-18,study,0 days 01:54:00,1,1,114.0
2022-04-18,transport,0 days 00:09:00,0,2,9.0
2022-04-18,work,0 days 02:15:00,1,1,135.00000000000003
2022-04-19,chores,0 days 00:20:00,0,2,20.0
2022-04-19,eat,0 days 00:51:00,0,2,51.0
2022-04-19,hobby,0 days 00:09:00,1,1,9.0
2022-04-19,leisure,0 days 00:05:00,0,0,5.0
2022-04-19,school,0 days 02:51:00,1,1,171.0
2022-04-19,socio,0 days 00:07:00,0,0,7.0
2022-04-19,study,0 days 01:04:00,1,1,64.00000000000001
2022-04-19,transport,0 days 02:43:00,0,2,163.0
2022-04-19,work,0 days 04:47:00,1,1,287.0
2022-04-20,chores,0 days 01:00:00,0,2,60.0
2022-04-20,eat,0 days 00:59:00,0,2,59.0
2022-04-20,hobby,0 days 01:25:00,1,1,85.0
2022-04-20,leisure,0 days 00:43:00,0,0,43.0
2022-04-20,school,0 days 00:06:00,1,1,6.0
2022-04-20,socio,0 days 00:42:00,0,0,42.0
2022-04-20,study,0 days 02:20:00,1,1,140.0
2022-04-20,transport,0 days 00:58:00,0,2,58.0
2022-04-20,work,0 days 04:57:00,1,1,297.0
2022-04-21,chores,0 days 00:25:00,0,2,25.0
2022-04-21,eat,0 days 00:32:00,0,2,32.00000000000001
2022-04-21,hobby,0 days 00:08:00,1,1,8.000000000000002
2022-04-21,leisure,0 days 00:07:00,0,0,7.0
2022-04-21,sleep,0 days 01:58:00,1,0,118.0
2022-04-21,socio,0 days 02:08:00,0,0,128.00000000000003
2022-04-21,sport,0 days 03:11:00,0,1,191.0
2022-04-21,study,0 days 00:45:00,1,1,45.0
2022-04-21,transport,0 days 03:34:00,0,2,214.0
2022-04-21,work,0 days 04:11:00,1,1,251.00000000000003
2022-04-22,chores,0 days 00:45:00,0,2,45.0
2022-04-22,eat,0 days 01:00:00,0,2,60.0
2022-04-22,leisure,0 days 01:34:00,0,0,94.0
2022-04-22,school,0 days 02:10:00,1,1,130.00000000000003
2022-04-22,socio,0 days 02:25:00,0,0,145.0
2022-04-22,study,0 days 00:25:00,1,1,25.0
2022-04-22,work,0 days 05:49:00,1,1,349.0
2022-04-23,eat,0 days 00:40:00,0,2,40.0
2022-04-23,hobby,0 days 02:00:00,1,1,120.0
2022-04-23,leisure,0 days 03:20:00,0,0,200.0
2022-04-23,socio,0 days 04:05:00,0,0,245.00000000000003
2022-04-23,transport,0 days 04:10:00,0,2,250.00000000000003
2022-04-24,eat,0 days 00:54:00,0,2,54.0
2022-04-24,leisure,0 days 02:25:00,0,0,145.0
2022-04-24,socio,0 days 03:00:00,0,0,180.0
2022-04-24,study,0 days 01:33:00,1,1,93.0
2022-04-24,transport,0 days 05:40:00,0,2,340.0
2022-04-25,eat,0 days 00:12:00,0,2,12.0
2022-04-25,leisure,0 days 02:00:00,0,0,120.0
2022-04-25,school,0 days 00:10:00,1,1,10.0
2022-04-25,socio,0 days 07:00:00,0,0,420.0
2022-04-25,transport,0 days 01:13:00,0,2,73.0
2022-04-25,work,0 days 03:43:00,1,1,223.0
2022-04-26,chores,0 days 01:11:00,0,2,71.0
2022-04-26,leisure,0 days 00:16:00,0,0,16.000000000000004
2022-04-26,school,0 days 02:10:00,1,1,130.00000000000003
2022-04-26,socio,0 days 02:32:00,0,0,152.0
2022-04-26,study,0 days 04:52:00,1,1,292.0
2022-04-26,transport,0 days 02:58:00,0,2,178.0
2022-04-27,chores,0 days 00:50:00,0,2,50.0
2022-04-27,eat,0 days 00:22:00,0,2,22.0
2022-04-27,leisure,0 days 00:11:00,0,0,11.0
2022-04-27,socio,0 days 05:46:00,0,0,346.0
2022-04-27,study,0 days 00:57:00,1,1,57.0
2022-04-27,transport,0 days 02:04:00,0,2,124.00000000000001
2022-04-27,work,0 days 05:38:00,1,1,338.0
2022-04-28,chores,0 days 00:36:00,0,2,36.0
2022-04-28,eat,0 days 00:30:00,0,2,30.0
2022-04-28,hobby,0 days 01:16:00,1,1,76.0
2022-04-28,leisure,0 days 00:39:00,0,0,39.0
2022-04-28,school,0 days 01:10:00,1,1,70.0
2022-04-28,sleep,0 days 00:31:00,1,0,31.000000000000004
2022-04-28,socio,0 days 00:58:00,0,0,58.0
2022-04-28,sport,0 days 03:00:00,0,1,180.0
2022-04-28,study,0 days 00:39:00,1,1,39.0
2022-04-28,transport,0 days 01:45:00,0,2,105.0
2022-04-28,work,0 days 04:30:00,1,1,270.00000000000006
2022-04-29,chores,0 days 00:45:00,0,2,45.0
2022-04-29,eat,0 days 01:09:00,0,2,69.0
2022-04-29,hobby,0 days 00:20:00,1,1,20.0
2022-04-29,leisure,0 days 01:08:00,0,0,68.00000000000001
2022-04-29,school,0 days 00:35:00,1,1,35.0
2022-04-29,socio,0 days 03:09:00,0,0,189.0
2022-04-29,study,0 days 00:16:00,1,1,16.000000000000004
2022-04-29,transport,0 days 01:58:00,0,2,118.0
2022-04-29,work,0 days 06:03:00,1,1,363.0
2022-04-30,chores,0 days 02:32:00,0,2,152.0
2022-04-30,hobby,0 days 01:43:00,1,1,103.0
2022-04-30,leisure,0 days 03:46:00,0,0,226.0
2022-04-30,socio,0 days 08:57:00,0,0,537.0000000000001
2022-04-30,study,0 days 00:05:00,1,1,5.0
2022-04-30,transport,0 days 00:47:00,0,2,47.0
2022-05-01,hobby,0 days 03:17:00,1,1,197.0
2022-05-01,leisure,0 days 00:15:00,0,0,15.0
2022-05-01,sleep,0 days 01:40:00,1,0,100.0
2022-05-01,socio,0 days 06:33:00,0,0,393.0
2022-05-01,transport,0 days 03:20:00,0,2,200.0
2022-05-01,work,0 days 02:25:00,1,1,145.0
2022-05-02,leisure,0 days 03:08:00,0,0,188.0
2022-05-02,socio,0 days 08:29:00,0,0,509.00000000000006
2022-05-02,study,0 days 00:24:00,1,1,24.0
2022-05-02,transport,0 days 00:34:00,0,2,34.00000000000001
2022-05-03,chores,0 days 00:05:00,0,2,5.0
2022-05-03,school,0 days 04:35:00,1,1,275.0
2022-05-03,socio,0 days 06:29:00,0,0,389.0
2022-05-03,transport,0 days 02:17:00,0,2,137.0
2022-05-03,work,0 days 01:58:00,1,1,118.0
2022-05-04,chores,0 days 00:36:00,0,2,36.0
2022-05-04,eat,0 days 00:09:00,0,2,9.0
2022-05-04,leisure,0 days 01:29:00,0,0,89.0
2022-05-04,school,0 days 00:16:00,1,1,16.000000000000004
2022-05-04,socio,0 days 02:05:00,0,0,125.00000000000001
2022-05-04,study,0 days 00:40:00,1,1,40.0
2022-05-04,transport,0 days 01:04:00,0,2,64.00000000000001
2022-05-04,work,0 days 06:17:00,1,1,377.0
2022-05-05,chores,0 days 02:13:00,0,2,133.00000000000003
2022-05-05,eat,0 days 00:54:00,0,2,54.0
2022-05-05,hobby,0 days 00:14:00,1,1,14.0
2022-05-05,leisure,0 days 01:21:00,0,0,81.0
2022-05-05,socio,0 days 03:20:00,0,0,200.0
2022-05-05,sport,0 days 01:30:00,0,1,90.0
2022-05-05,transport,0 days 01:55:00,0,2,115.0
2022-05-05,work,0 days 05:11:00,1,1,311.0
2022-05-06,chores,0 days 00:51:00,0,2,51.0
2022-05-06,eat,0 days 01:26:00,0,2,86.0
2022-05-06,hobby,0 days 01:06:00,1,1,66.00000000000001
2022-05-06,leisure,0 days 03:30:00,0,0,210.0
2022-05-06,school,0 days 01:22:00,1,1,82.0
2022-05-06,socio,0 days 00:40:00,0,0,40.0
2022-05-06,study,0 days 01:24:00,1,1,84.0
2022-05-06,transport,0 days 01:33:00,0,2,93.0
2022-05-06,work,0 days 02:06:00,1,1,126.00000000000001
2022-05-07,chores,0 days 00:17:00,0,2,17.000000000000004
2022-05-07,eat,0 days 00:24:00,0,2,24.0
2022-05-07,hobby,0 days 00:26:00,1,1,26.0
2022-05-07,leisure,0 days 03:18:00,0,0,198.0
2022-05-07,school,0 days 01:38:00,1,1,98.0
2022-05-07,socio,0 days 05:59:00,0,0,359.0
2022-05-07,sport,0 days 00:36:00,0,1,36.0
2022-05-07,study,0 days 01:49:00,1,1,109.0
2022-05-07,transport,0 days 00:23:00,0,2,23.0
2022-05-08,chores,0 days 01:50:00,0,2,110.0
2022-05-08,eat,0 days 00:21:00,0,2,21.0
2022-05-08,hobby,0 days 01:39:00,1,1,99.0
2022-05-08,leisure,0 days 01:22:00,0,0,82.0
2022-05-08,socio,0 days 02:42:00,0,0,162.0
2022-05-08,sport,0 days 00:54:00,0,1,54.0
2022-05-08,study,0 days 01:03:00,1,1,63.00000000000001
2022-05-08,transport,0 days 00:33:00,0,2,33.00000000000001
2022-05-08,work,0 days 02:28:00,1,1,148.0
2022-05-09,chores,0 days 00:35:00,0,2,35.0
2022-05-09,eat,0 days 01:45:00,0,2,105.0
2022-05-09,hobby,0 days 01:44:00,1,1,104.0
2022-05-09,leisure,0 days 05:45:00,0,0,345.0
2022-05-09,socio,0 days 01:06:00,0,0,66.00000000000001
2022-05-09,sport,0 days 00:22:00,0,1,22.0
2022-05-09,study,0 days 03:32:00,1,1,212.0
2022-05-09,transport,0 days 00:15:00,0,2,15.0
2022-05-10,eat,0 days 00:38:00,0,2,38.0
2022-05-10,leisure,0 days 03:16:00,0,0,196.0
2022-05-10,school,0 days 02:31:00,1,1,151.0
2022-05-10,socio,0 days 03:40:00,0,0,220.0
2022-05-10,transport,0 days 00:58:00,0,2,58.0
2022-05-11,chores,0 days 00:15:00,0,2,15.0
2022-05-11,eat,0 days 00:24:00,0,2,24.0
2022-05-11,hobby,0 days 00:44:00,1,1,44.0
2022-05-11,leisure,0 days 02:12:00,0,0,132.00000000000003
2022-05-11,socio,0 days 02:10:00,0,0,130.00000000000003
2022-05-11,study,0 days 00:08:00,1,1,8.000000000000002
2022-05-11,transport,0 days 01:10:00,0,2,70.0
2022-05-11,work,0 days 06:15:00,1,1,375.0
2022-05-12,chores,0 days 00:33:00,0,2,33.00000000000001
2022-05-12,eat,0 days 00:48:00,0,2,48.0
2022-05-12,leisure,0 days 01:05:00,0,0,65.00000000000001
2022-05-12,school,0 days 01:35:00,1,1,95.0
2022-05-12,socio,0 days 00:44:00,0,0,44.0
2022-05-12,sport,0 days 01:28:00,0,1,88.0
2022-05-12,study,0 days 05:33:00,1,1,333.0
2022-05-12,transport,0 days 01:49:00,0,2,109.0
2022-05-12,work,0 days 09:53:00,1,1,593.0
2022-05-13,chores,0 days 00:25:00,0,2,25.0
2022-05-13,eat,0 days 00:08:00,0,2,8.000000000000002
2022-05-13,leisure,0 days 02:19:00,0,0,139.0
2022-05-13,sleep,0 days 01:10:00,1,0,70.0
2022-05-13,socio,0 days 00:23:00,0,0,23.0
2022-05-13,study,0 days 00:39:00,1,1,39.0
2022-05-13,transport,0 days 01:39:00,0,2,99.0
2022-05-13,work,0 days 07:09:00,1,1,429.0
2022-05-14,leisure,0 days 01:58:00,0,0,118.0
2022-05-14,socio,0 days 08:25:00,0,0,505.00000000000006
2022-05-14,study,0 days 00:08:00,1,1,8.000000000000002
2022-05-14,transport,0 days 00:49:00,0,2,49.0
2022-05-15,leisure,0 days 01:04:00,0,0,64.00000000000001
2022-05-15,socio,0 days 02:57:00,0,0,177.0
2022-05-15,study,0 days 02:37:00,1,1,157.0
2022-05-15,work,0 days 02:09:00,1,1,129.00000000000003
2022-05-16,chores,0 days 01:05:00,0,2,65.00000000000001
2022-05-16,eat,0 days 00:31:00,0,2,31.000000000000004
2022-05-16,leisure,0 days 02:02:00,0,0,122.00000000000001
2022-05-16,school,0 days 01:57:00,1,1,117.0
2022-05-16,study,0 days 00:46:00,1,1,46.0
2022-05-16,transport,0 days 02:19:00,0,2,139.0
2022-05-16,work,0 days 05:59:00,1,1,359.0
2022-05-17,chores,0 days 00:22:00,0,2,22.0
2022-05-17,eat,0 days 00:17:00,0,2,17.000000000000004
2022-05-17,leisure,0 days 05:39:00,0,0,339.0
2022-05-17,school,0 days 03:45:00,1,1,225.0
2022-05-17,socio,0 days 00:37:00,0,0,37.0
2022-05-17,study,0 days 01:12:00,1,1,72.0
2022-05-17,transport,0 days 02:22:00,0,2,142.0
2022-05-17,work,0 days 01:18:00,1,1,78.0
2022-05-18,chores,0 days 00:10:00,0,2,10.0
2022-05-18,eat,0 days 00:43:00,0,2,43.0
2022-05-18,leisure,0 days 01:57:00,0,0,117.0
2022-05-18,socio,0 days 02:34:00,0,0,154.0
2022-05-18,study,0 days 00:21:00,1,1,21.0
2022-05-18,transport,0 days 01:52:00,0,2,112.0
2022-05-18,work,0 days 07:57:00,1,1,477.0
2022-05-19,chores,0 days 00:14:00,0,2,14.0
2022-05-19,eat,0 days 00:46:00,0,2,46.0
2022-05-19,hobby,0 days 00:58:00,1,1,58.0
2022-05-19,leisure,0 days 02:19:00,0,0,139.0
2022-05-19,socio,0 days 02:21:00,0,0,141.0
2022-05-19,sport,0 days 01:13:00,0,1,73.0
2022-05-19,study,0 days 03:05:00,1,1,185.0
2022-05-19,transport,0 days 02:39:00,0,2,159.0
2022-05-19,work,0 days 01:13:00,1,1,73.0
2022-05-20,chores,0 days 00:27:00,0,2,27.0
2022-05-20,eat,0 days 00:26:00,0,2,26.0
2022-05-20,school,0 days 02:29:00,1,1,149.0
2022-05-20,socio,0 days 01:19:00,0,0,79.0
2022-05-20,study,0 days 01:59:00,1,1,119.0
2022-05-20,transport,0 days 00:49:00,0,2,49.0
